Tyre Brand,Serial No.
JKTyre,Taximaxx
CEAT,Milage X3
Apollo,Amazer 4G Life
Continental,Comfort Contact CC6
GoodYear,Assurance Duraplus 2
JKTyre,Tornado
Firestone,FR500
JKTyre,Elanzo Touring
BridgeStone,B-Series B290
BridgeStone,Turanza T005
BridgeStone,S-Series S248
BridgeStone,Ecopia EP150
CEAT,FuelSmart
CEAT,Milage X3
Falken,Sincera845
GoodYear,Duraplus
GoodYear,Assurance Duraplus
JKTyre,UX Royale
MRF,ZTX
MRF,ZV2K
MRF,ZLX
UltraMile,UM 551
Yokohama,Earth-1 E400
Apollo,Amazer 4G Life
Apollo,Amazer 4G Life
Apollo,Amazer 4G Life
Apollo,Amazer 4G Life
Apollo,Amazer 4G Life
Kumho,Ecowing KH27
Pirelli,Cinturato P4
Michelin,Energy XM2
Hankook,Optimo ME02
Maxxis,MAP3
Apollo,Amazer 4G Life
Apollo,Ainac 4G
CEAT,Milage X3
CEAT,FuelSmart
Apollo,Amazer 4G Life
Apollo,Ainac 4G
Apollo,Aspire 4G
Apollo,Amazer 3G Maxx
Apollo,Ainac 4G
Apollo,Ainac 4G
Apollo,Amazer 4G Life
Apollo,Amazer 4G Life
Apollo,Ainac 4G
Apollo,Ainac 4G
Apollo,Amazer 4G Life
BridgeStone,B-Series B290
BridgeStone,Turanza T005
BridgeStone,S-Series S248
BridgeStone,Ecopia EP150
BridgeStone,B-Series B290
BridgeStone,Turanza T005
BridgeStone,S-Series S248
BridgeStone,Ecopia EP150
BridgeStone,B-Series B290
BridgeStone,Turanza T005
BridgeStone,S-Series S248
BridgeStone,Ecopia EP150
BridgeStone,B-Series B290
BridgeStone,Turanza T005
BridgeStone,S-Series S248
BridgeStone,Ecopia EP150
BridgeStone,B-Series B290
BridgeStone,Turanza T005
BridgeStone,S-Series S248
BridgeStone,Ecopia EP150
BridgeStone,Ecopia EP150
BridgeStone,B-Series B290
BridgeStone,Turanza T005
BridgeStone,B-Series B250
BridgeStone,Ecopia EP150
BridgeStone,B-Series B290
BridgeStone,Turanza T005
BridgeStone,B-Series B250
BridgeStone,Ecopia EP150
BridgeStone,B-Series B290
BridgeStone,Turanza T005
BridgeStone,B-Series B250
BridgeStone,Ecopia EP150
BridgeStone,B-Series B290
BridgeStone,Turanza T005
BridgeStone,B-Series B250
CEAT,SecuraDrive
CEAT,Milage X3
CEAT,FuelSmart
CEAT,Milage X3
CEAT,FuelSmart
CEAT,SecuraDrive
CEAT,Milage X3
CEAT,FuelSmart
CEAT,Milage X3
CEAT,FuelSmart
CEAT,Milage X3
CEAT,FuelSmart
CEAT,Milage X3
CEAT,FuelSmart
CEAT,Milage X3
CEAT,Milage X3
CEAT,FuelSmart
CEAT,Milage X3
CEAT,Milage X3
CEAT,FuelSmart
CEAT,Milage X3
CEAT,Milage X3
CEAT,FuelSmart
CEAT,Milage X3
Continental,Comfort Contact CC6
Continental,ContiComfortContact CC5
Continental,Comfort Contact CC6
Continental,ContiComfortContact CC5
Continental,Comfort Contact CC6
Continental,ContiComfortContact CC5
Continental,Comfort Contact CC6
Continental,ContiComfortContact CC5
Continental,Comfort Contact CC6
Continental,ContiComfortContact CC5
Continental,Comfort Contact CC6
Continental,UltraContact UC6
Continental,Comfort Contact CC6
Continental,UltraContact UC6
Continental,Comfort Contact CC6
Continental,UltraContact UC6
Continental,Comfort Contact CC6
Continental,UltraContact UC6
Falken,Sincera845
Falken,EcoRun ZE914
Falken,Sincera845
Falken,Sincera845
Falken,EcoRun ZE914
Falken,Sincera845
Falken,Sincera845
Falken,Sincera845
Falken,Sincera845
Falken,Sincera845
Falken,Sincera845
Firestone,FR500
Firestone,FR500
Firestone,FR500
Firestone,FR500
Firestone,FR500
Firestone,FR500
Firestone,FR500
Firestone,FR500
Firestone,FR500
GoodYear,Assurance Duraplus 2
GoodYear,Duraplus
GoodYear,Assurance Duraplus
GoodYear,Assurance Duraplus 2
GoodYear,Duraplus
GoodYear,Assurance Duraplus
GoodYear,Assurance Duraplus 2
GoodYear,Duraplus
GoodYear,Assurance Duraplus
GoodYear,Assurance Duraplus 2
GoodYear,Duraplus
GoodYear,Assurance Duraplus
GoodYear,Assurance Duraplus 2
GoodYear,Duraplus
GoodYear,Assurance Duraplus
GoodYear,Assurance Duraplus
GoodYear,Assurance Triplemax
GoodYear,Assurance Triplemax 2
GoodYear,Duraplus
GoodYear,Assurance Triplemax
GoodYear,Duraplus
GoodYear,Assurance Duraplus
GoodYear,Assurance Triplemax
GoodYear,Assurance Triplemax
GoodYear,Duraplus
JKTyre,UX Royale
JKTyre,Taximaxx
JKTyre,Taximaxx
JKTyre,UX Royale
JKTyre,UX Royale
JKTyre,Taximaxx
JKTyre,Taximaxx
JKTyre,UX Royale
JKTyre,Tornado
JKTyre,Elanzo Touring
JKTyre,Tornado
JKTyre,Elanzo Touring
JKTyre,Tornado
JKTyre,Elanzo Touring
JKTyre,Tornado
JKTyre,Elanzo Touring
JKTyre,Tornado
JKTyre,Taximaxx
JKTyre,Elanzo Touring
JKTyre,UX Royale
MRF,ZTX
MRF,ZV2K
MRF,ZLX
MRF,ZTX
MRF,ZV2K
MRF,ZLX
MRF,ZTX
MRF,ZV2K
MRF,ZLX
MRF,ZTX
MRF,ZV2K
MRF,ZLX
MRF,ZTX
MRF,ZV2K
MRF,ZLX
MRF,ZLO
MRF,ZVTV
MRF,ZLO
MRF,ZVTV
Pirelli,Cinturato P6
Pirelli,Cinturato P4
Pirelli,Cinturato P6
UltraMile,UM 551
UltraMile,UM 551
UltraMile,UM 551
UltraMile,UM 551
UltraMile,UM 551
UltraMile,UM 551
UltraMile,UM 551
UltraMile,UM 551
UltraMile,UM 551
Yokohama,Earth-1 E400
Yokohama,BluEarth AE50
Yokohama,BluEarth-GT AE51
Yokohama,Earth-1 E400
Yokohama,BluEarth AE50
Yokohama,DB E70B
Yokohama,Earth-1 E400
Yokohama,BluEarth AE50
Yokohama,BluEarth AE50
Yokohama,BluEarth-GT AE51
Yokohama,Earth-1 E400
Yokohama,BluEarth AE50
Yokohama,Earth-1 E400
Yokohama,Earth-1 E400
Yokohama,Earth-1 E400
Yokohama,Earth-1 E400
Yokohama,Earth-1 E400
Michelin,Energy XM2
Michelin,Energy XM2
Michelin,Energy XM2
Maxxis,MAP3
Kumho,Ecowing KH27
Kumho,Ecowing KH27
Kumho,Ecowing KH27
Apollo,Amazer 4G Life
Apollo,Amazer 4G Life
Apollo,Amazer 4G Life
Apollo,Amazer 4G Life
Apollo,Amazer 4G Life
BridgeStone,Ecopia EP150
BridgeStone,B-Series B290
BridgeStone,Turanza T005
BridgeStone,S-Series S248
BridgeStone,Ecopia EP150
BridgeStone,B-Series B290
BridgeStone,Turanza T005
BridgeStone,S-Series S248
BridgeStone,Ecopia EP150
BridgeStone,B-Series B290
BridgeStone,Turanza T005
BridgeStone,S-Series S248
BridgeStone,Ecopia EP150
BridgeStone,B-Series B290
BridgeStone,Turanza T005
BridgeStone,S-Series S248
BridgeStone,Ecopia EP150
BridgeStone,B-Series B290
BridgeStone,Turanza T005
BridgeStone,S-Series S248
CEAT,Milage X3
CEAT,FuelSmart
CEAT,Milage X3
CEAT,FuelSmart
CEAT,Milage X3
CEAT,FuelSmart
CEAT,Milage X3
CEAT,FuelSmart
CEAT,Milage X3
CEAT,FuelSmart
Continental,ContiComfortContact CC5
Continental,Comfort Contact CC6
Continental,ContiComfortContact CC5
Continental,Comfort Contact CC6
Continental,ContiComfortContact CC5
Continental,Comfort Contact CC6
Continental,ContiComfortContact CC5
Continental,Comfort Contact CC6
Continental,ContiComfortContact CC5
Continental,Comfort Contact CC6
Falken,Sincera845
Falken,Sincera845
Falken,Sincera845
Falken,Sincera845
Falken,Sincera845
Firestone,FR500
Firestone,FR500
Firestone,FR500
Firestone,FR500
Firestone,FR500
GoodYear,Assurance Duraplus 2
GoodYear,Duraplus
GoodYear,Assurance Duraplus
GoodYear,Assurance Duraplus 2
GoodYear,Duraplus
GoodYear,Assurance Duraplus
GoodYear,Assurance Duraplus 2
GoodYear,Duraplus
GoodYear,Assurance Duraplus
GoodYear,Assurance Duraplus 2
GoodYear,Duraplus
GoodYear,Assurance Duraplus
GoodYear,Assurance Duraplus 2
GoodYear,Duraplus
GoodYear,Assurance Duraplus
JKTyre,Tornado
JKTyre,Taximaxx
JKTyre,Elanzo Touring
JKTyre,UX Royale
JKTyre,Tornado
JKTyre,Taximaxx
JKTyre,Elanzo Touring
JKTyre,UX Royale
JKTyre,Tornado
JKTyre,Taximaxx
JKTyre,Elanzo Touring
JKTyre,UX Royale
JKTyre,Tornado
JKTyre,Taximaxx
JKTyre,Elanzo Touring
JKTyre,UX Royale
JKTyre,Tornado
JKTyre,Taximaxx
JKTyre,Elanzo Touring
JKTyre,UX Royale
MRF,ZTX
MRF,ZV2K
MRF,ZLX
MRF,ZTX
MRF,ZV2K
MRF,ZLX
MRF,ZTX
MRF,ZV2K
MRF,ZLX
MRF,ZTX
MRF,ZV2K
MRF,ZLX
MRF,ZTX
MRF,ZV2K
MRF,ZLX
UltraMile,UM 551
UltraMile,UM 551
UltraMile,UM 551
UltraMile,UM 551
UltraMile,UM 551
Yokohama,Earth-1 E400
Yokohama,Earth-1 E400
Yokohama,Earth-1 E400
Yokohama,Earth-1 E400
Yokohama,Earth-1 E400
Apollo,Amazer 4G Life
Apollo,Amazer 4G Life
Apollo,Amazer 4G Life
Apollo,Amazer XL
Apollo,Amazer 4G
Apollo,Amazer 4G Life
Apollo,Amazer 4G Life
Apollo,Amazer XL
Apollo,Amazer 4G
Apollo,Amazer 4G Life
Apollo,Amazer 4G Life
Apollo,Amazer XL
Apollo,Amazer 4G
Apollo,Amazer 4G Life
Apollo,Amazer 4G Life
Apollo,Amazer XL
Apollo,Amazer 4G
Apollo,Amazer 4G Life
Apollo,Amazer 4G Life
Apollo,Amazer XL
Apollo,Amazer 4G
Apollo,Amazer 4G Life
Apollo,Amazer 4G Life
Apollo,Amazer XL
Apollo,Amazer 4G
Apollo,Amazer 4G Life
Apollo,Amazer 4G Life
Apollo,Amazer 4G Life
Apollo,Amazer XL
Apollo,Amazer 4G
Apollo,Amazer 4G Life
Apollo,Amazer 4G Life
Apollo,Amazer XL
Apollo,Amazer 4G
Apollo,Amazer 4G Life
Apollo,Amazer 4G Life
Apollo,Amazer XL
Apollo,Amazer 4G
Apollo,Amazer 4G Life
Apollo,Amazer 4G Life
Apollo,Amazer XL
Apollo,Amazer 4G
Apollo,Amazer 4G Life
Apollo,Amazer 4G Life
Apollo,Amazer XL
Apollo,Amazer 4G
Apollo,Amazer 4G Life
Apollo,Amazer 4G Life
Apollo,Amazer XL
Apollo,Amazer 4G
BridgeStone,B-Series B290
BridgeStone,S-Series S248
BridgeStone,Turanza ER60
BridgeStone,B-Series B290
BridgeStone,S-Series S248
BridgeStone,Turanza ER60
BridgeStone,B-Series B290
BridgeStone,S-Series S248
BridgeStone,Turanza ER60
BridgeStone,B-Series B290
BridgeStone,S-Series S248
BridgeStone,Turanza ER60
BridgeStone,B-Series B290
BridgeStone,S-Series S248
BridgeStone,Turanza ER60
BridgeStone,B-Series B290
BridgeStone,S-Series S248
BridgeStone,Turanza ER60
BridgeStone,B-Series B290
BridgeStone,S-Series S248
BridgeStone,Turanza ER60
BridgeStone,B-Series B290
BridgeStone,B-Series B290
BridgeStone,S-Series S248
BridgeStone,Turanza ER60
BridgeStone,B-Series B290
BridgeStone,S-Series S248
BridgeStone,Turanza ER60
BridgeStone,B-Series B290
BridgeStone,S-Series S248
BridgeStone,Turanza ER60
BridgeStone,B-Series B290
BridgeStone,S-Series S248
BridgeStone,Turanza ER60
BridgeStone,B-Series B290
BridgeStone,S-Series S248
BridgeStone,Turanza ER60
CEAT,Milage X3
CEAT,FuelSmart
CEAT,Milage X3
CEAT,Milage X3
CEAT,FuelSmart
CEAT,Milage X3
CEAT,Milage X3
CEAT,FuelSmart
CEAT,Milage X3
CEAT,Milage X3
CEAT,FuelSmart
CEAT,Milage X3
CEAT,Milage X3
CEAT,FuelSmart
CEAT,Milage X3
CEAT,Milage X3
CEAT,Milage X3
CEAT,FuelSmart
CEAT,Milage X3
CEAT,Milage X3
CEAT,FuelSmart
CEAT,Milage X3
CEAT,Milage X3
CEAT,FuelSmart
CEAT,Milage X3
CEAT,Milage X3
CEAT,FuelSmart
CEAT,Milage X3
CEAT,Milage X3
CEAT,FuelSmart
CEAT,Milage X3
CEAT,Milage X3
CEAT,FuelSmart
CEAT,Milage X3
CEAT,Milage X3
CEAT,FuelSmart
CEAT,Milage X3
Falken,Sincera845
Falken,Sincera845
Falken,Sincera845
Falken,Sincera845
Falken,Sincera845
Falken,Sincera845
Falken,Sincera845
Falken,Sincera845
Falken,Sincera845
Falken,Sincera845
Falken,Sincera845
Falken,Sincera845
Firestone,FR500
Firestone,FR500
Firestone,FR500
Firestone,FR500
Firestone,FR500
Firestone,FR500
Firestone,FR500
Firestone,FR500
Firestone,FR500
Firestone,FR500
Firestone,FR500
Firestone,FR500
GoodYear,Ducaro Hi-Miler
GoodYear,Ducaro Hi-Miler
GoodYear,Ducaro Hi-Miler
GoodYear,Ducaro Hi-Miler
GoodYear,Ducaro Hi-Miler
GoodYear,Ducaro Hi-Miler
GoodYear,Ducaro Hi-Miler
GoodYear,Ducaro Hi-Miler
GoodYear,Ducaro Hi-Miler
GoodYear,Ducaro Hi-Miler
GoodYear,Ducaro Hi-Miler
GoodYear,Ducaro Hi-Miler
GoodYear,Ducaro Hi-Miler
GoodYear,Ducaro Hi-Miler
GoodYear,Ducaro Hi-Miler
GoodYear,Ducaro Hi-Miler
GoodYear,Ducaro Hi-Miler
GoodYear,Ducaro Hi-Miler
GoodYear,Ducaro Hi-Miler
GoodYear,Ducaro Hi-Miler
GoodYear,Ducaro Hi-Miler
GoodYear,Ducaro Hi-Miler
GoodYear,Ducaro Hi-Miler
GoodYear,Ducaro Hi-Miler
GoodYear,Ducaro Hi-Miler
GoodYear,Ducaro Hi-Miler
GoodYear,Ducaro Hi-Miler
GoodYear,Ducaro Hi-Miler
Hankook,Optimo K715
Hankook,Optimo K715
Hankook,Optimo K715
Hankook,Optimo K715
Hankook,Optimo K715
Hankook,Optimo K715
Hankook,Optimo K715
Hankook,Optimo K715
Hankook,Optimo K715
Hankook,Optimo K715
Hankook,Optimo K715
Hankook,Optimo K715
JKTyre,Ultima XP
JKTyre,Ultima Neo
JKTyre,Ultima XPC
JKTyre,Ultima XPC
JKTyre,Ultima NXT
JKTyre,Ultima NXT
JKTyre,Ultima XP
JKTyre,Ultima Neo
JKTyre,Ultima XPC
JKTyre,Ultima XPC
JKTyre,Ultima NXT
JKTyre,Ultima NXT
JKTyre,Ultima Neo
JKTyre,Ultima NXT
JKTyre,Taximaxx
JKTyre,Ultima XP
JKTyre,Ultima Neo
JKTyre,Ultima XPC
JKTyre,Ultima XPC
JKTyre,Ultima NXT
JKTyre,Ultima NXT
JKTyre,Ultima XP
JKTyre,Ultima Neo
JKTyre,Ultima XPC
JKTyre,Ultima XPC
JKTyre,Ultima NXT
JKTyre,Ultima NXT
JKTyre,Ultima XP
JKTyre,Ultima Neo
JKTyre,Ultima XPC
JKTyre,Ultima XPC
JKTyre,Ultima NXT
JKTyre,Ultima NXT
JKTyre,Ultima XP
JKTyre,Ultima Neo
JKTyre,Ultima XPC
JKTyre,Ultima XPC
JKTyre,Ultima NXT
JKTyre,Ultima NXT
JKTyre,Ultima XP
JKTyre,Ultima Neo
JKTyre,Ultima XPC
JKTyre,Ultima XPC
JKTyre,Ultima NXT
JKTyre,Ultima NXT
JKTyre,Ultima XP
JKTyre,Ultima Neo
JKTyre,Ultima XPC
JKTyre,Ultima XPC
JKTyre,Ultima NXT
JKTyre,Ultima NXT
JKTyre,Ultima XP
JKTyre,Ultima Neo
JKTyre,Ultima XPC
JKTyre,Ultima XPC
JKTyre,Ultima NXT
JKTyre,Ultima NXT
JKTyre,Ultima XP
JKTyre,Ultima Neo
JKTyre,Ultima XPC
JKTyre,Ultima XPC
JKTyre,Ultima NXT
JKTyre,Ultima NXT
JKTyre,Ultima XP
JKTyre,Ultima Neo
JKTyre,Ultima XPC
JKTyre,Ultima XPC
JKTyre,Ultima NXT
JKTyre,Ultima NXT
JKTyre,Ultima XP
JKTyre,Ultima Neo
JKTyre,Ultima XPC
JKTyre,Ultima XPC
JKTyre,Ultima NXT
JKTyre,Ultima NXT
MRF,ZLX
MRF,ZCT
MRF,ZCT
MRF,ZVTS
MRF,ZCT
MRF,ZCT
MRF,ZVTS
MRF,ZCT
MRF,ZCT
MRF,ZVTS
MRF,ZCT
MRF,ZCT
MRF,ZVTS
MRF,ZCT
MRF,ZCT
MRF,ZVTS
MRF,ZCT
MRF,ZCT
MRF,ZVTS
MRF,ZCT
MRF,ZCT
MRF,ZVTS
MRF,ZCT
MRF,ZCT
MRF,ZVTS
MRF,ZCT
MRF,ZCT
MRF,ZVTS
MRF,ZCT
MRF,ZCT
MRF,ZVTS
MRF,ZCT
MRF,ZCT
MRF,ZVTS
MRF,ZCT
MRF,ZCT
MRF,ZVTS
Yokohama,Earth-1 E400
Apollo,Ainac 4GS
Apollo,Ainac 4GS
Apollo,Ainac 4G
Apollo,Ainac 4G
BridgeStone,Ecopia EP150
BridgeStone,B-Series B290
BridgeStone,Ecopia EP150
BridgeStone,B-Series B290
BridgeStone,B-Series B250
BridgeStone,Ecopia EP150
BridgeStone,B-Series B290
CEAT,SecuraDrive
CEAT,Milage X3
CEAT,Milage X3
Continental,ContiComfortContact CC5
Continental,Comfort Contact CC6
Continental,UltraContact UC6
Continental,ContiComfortContact CC5
Continental,Comfort Contact CC6
Continental,UltraContact UC6
Continental,ContiMax Contact MC5
Continental,UltraContact UC6
Falken,Sincera835
Falken,Ziex ZE914 EcoRun
Falken,Sincera835
GoodYear,Assurance Triplemax
GoodYear,Assurance Duraplus
GoodYear,Assurance Triplemax
GoodYear,Assurance Triplemax 2
GoodYear,Eagle F1 Directional 5
GoodYear,Assurance Duraplus
GoodYear,Assurance Triplemax
GoodYear,Assurance Triplemax 2
GoodYear,Eagle F1 Directional 5
Firestone,FR500
Firestone,FR500
Hankook,Optimo K415
Hankook,Optimo K415
JKTyre,Ultima Sport
JKTyre,Ultima Sport
JKTyre,UX Royale
Michelin,Energy XM2
Michelin,Energy XM2
Michelin,Primacy 4ST
Pirelli,Cinturato P6
Pirelli,Cinturato P6
Pirelli,Cinturato P1 Verde
UltraMile,UM 551
UltraMile,UM 551
Yokohama,Earth-1 E400
Yokohama,BluEarth-GT AE51
Yokohama,S.Drive AS01
Yokohama,BluEarth AE50
Yokohama,Earth-1 E400
Yokohama,Earth-1 E400
Apollo,AMAZER3G
Apollo,Amazer 4G Life
Apollo,Amazer 4G Life
Apollo,Amazer 4G Life
Apollo,Amazer 4G Life
Apollo,Amazer 4G Life
Apollo,AMAZER3G
Apollo,Amazer 4G Life
Apollo,AMAZER3G
Apollo,Amazer 4G Life
BridgeStone,Turanza T005
BridgeStone,B-Series B290
BridgeStone,Turanza T005
BridgeStone,B-Series B290
BridgeStone,B-Series B290
BridgeStone,B-Series B290
BridgeStone,B-Series B290
BridgeStone,B-Series B290
BridgeStone,Turanza T005
BridgeStone,B-Series B290
CEAT,Milage X3
CEAT,FuelSmart
CEAT,Milage X3
CEAT,Milage X3
CEAT,Milage X3
CEAT,Milage X3
CEAT,Milage X3
CEAT,FuelSmart
CEAT,Milage X3
CEAT,FuelSmart
Continental,ContiComfortContact CC5
Continental,ContiComfortContact CC5
Continental,ContiComfortContact CC5
Continental,Comfort Contact CC6
Continental,ContiComfortContact CC5
Continental,Comfort Contact CC6
Continental,ContiComfortContact CC5
Continental,Comfort Contact CC6
Continental,ContiComfortContact CC5
Continental,Comfort Contact CC6
Continental,ContiComfortContact CC5
Firestone,FR500
Firestone,FR500
Firestone,FS100
Firestone,FS100
Firestone,FS100
Firestone,FS100
Firestone,FR500
GoodYear,GT3
GoodYear,Assurance Duraplus 2
GoodYear,Ducaro Hi-Miler
GoodYear,Assurance Duraplus 2
GoodYear,Ducaro Hi-Miler
GoodYear,Assurance Duraplus 2
GoodYear,Ducaro Hi-Miler
GoodYear,Assurance Duraplus 2
GoodYear,Ducaro Hi-Miler
GoodYear,Assurance Duraplus 2
GoodYear,GT3
GoodYear,Assurance Duraplus 2
GoodYear,GT3
GoodYear,Assurance Duraplus 2
JKTyre,Ultima Neo
JKTyre,Ultima Neo
JKTyre,Ultima Neo
JKTyre,Ultima NXT
JKTyre,Taximaxx
JKTyre,Ultima Neo
JKTyre,Ultima NXT
JKTyre,Taximaxx
JKTyre,Ultima Neo
JKTyre,Ultima NXT
JKTyre,Taximaxx
JKTyre,Ultima Neo
JKTyre,Ultima NXT
JKTyre,Taximaxx
JKTyre,Ultima Neo
Michelin,Energy XM2
Michelin,Energy XM2
Michelin,Energy XM2
MRF,ZVTS
MRF,ZLX
MRF,ZVTS
MRF,ZLX
MRF,ZLX
MRF,ZLX
MRF,ZLX
MRF,ZLX
MRF,ZVTS
MRF,ZLX
Yokohama,Earth-1 E400
Yokohama,Earth-1 E400
Yokohama,Earth-1 E400
Yokohama,Earth-1 E400
Yokohama,Earth-1 E400
Yokohama,Earth-1 E400
Yokohama,Earth-1 E400
Apollo,Ainac 4GS
Apollo,Apterra Cross
Apollo,Manchester United
Apollo,Apterra HP
Apollo,Ainac 4GS
Apollo,Apterra Cross
Apollo,Manchester United
Apollo,Apterra HP
Apollo,Ainac 4GS
Apollo,Apterra Cross
Apollo,Manchester United
Apollo,Apterra HP
Apollo,Ainac 4GS
Apollo,Apterra Cross
Apollo,Manchester United
Apollo,Apterra HP
Apollo,Ainac 4G
Apollo,Apterra Cross
Apollo,Ainac 4G
Apollo,Apterra Cross
Apollo,Ainac 4G
Apollo,Apterra Cross
Apollo,Ainac 4GS
Apollo,Apterra Cross
Apollo,Ainac 4GS
Apollo,Apterra Cross
Apollo,Ainac 4GS
Apollo,Apterra Cross
BridgeStone,Turanza T001
BridgeStone,Turanza T001
BridgeStone,Turanza T001
BridgeStone,Potenza G3
BridgeStone,Turanza T005
BridgeStone,Turanza T001
BridgeStone,Potenza G3
BridgeStone,Turanza T005
BridgeStone,Turanza T001
BridgeStone,Potenza G3
BridgeStone,Turanza T005
BridgeStone,Turanza T001
BridgeStone,Turanza T001
BridgeStone,Turanza T001
BridgeStone,Turanza T001
BridgeStone,Turanza T001
CEAT,SecuraDrive
CEAT,Czar Sports
CEAT,SecuraDrive
CEAT,Czar Sports
CEAT,SecuraDrive
CEAT,Czar Sports
CEAT,SecuraDrive
CEAT,Czar Sports
CEAT,Czar HP
CEAT,Czar Sports
CEAT,Czar HP
CEAT,Czar Sports
CEAT,Czar HP
CEAT,Czar Sports
CEAT,SecuraDrive
CEAT,Czar Sports
CEAT,SecuraDrive
CEAT,Czar Sports
CEAT,SecuraDrive
CEAT,Czar Sports
Continental,ContiMax Contact MC5
Continental,UltraContact UC6
Continental,ContiMax Contact MC5
Continental,UltraContact UC6
Continental,ContiMax Contact MC5
Continental,UltraContact UC6
Continental,ContiMax Contact MC5
Continental,UltraContact UC6
Continental,ContiMax Contact MC5
Continental,UltraContact UC6
Continental,ContiMax Contact MC5
Continental,UltraContact UC6
Continental,ContiMax Contact MC5
Continental,UltraContact UC6
Continental,ContiMax Contact MC5
Continental,UltraContact UC6
Continental,ContiMax Contact MC5
Continental,UltraContact UC6
Continental,ContiMax Contact MC5
Continental,UltraContact UC6
Falken,Azenis PT 722
Falken,Ziex ZE914 EcoRun
Falken,Azenis PT 722
Falken,Ziex ZE914 EcoRun
Falken,Azenis PT 722
Falken,Ziex ZE914 EcoRun
Falken,Azenis PT 722
Falken,Ziex ZE914 EcoRun
Falken,Azenis PT 722
Falken,Ziex ZE914 EcoRun
Falken,Azenis PT 722
Falken,Ziex ZE914 EcoRun
Falken,Azenis PT 722
Falken,Ziex ZE914 EcoRun
Falken,Azenis PT 722
Falken,Ziex ZE914 EcoRun
Falken,Azenis PT 722
Falken,Ziex ZE914 EcoRun
Falken,Azenis PT 722
Falken,Ziex ZE914 EcoRun
GoodYear,Assurance Triplemax
GoodYear,Excellence
GoodYear,Assurance Triplemax
GoodYear,Excellence
GoodYear,Assurance Triplemax
GoodYear,Excellence
GoodYear,Assurance Triplemax
GoodYear,Excellence
GoodYear,Assurance Triplemax
GoodYear,Excellence
GoodYear,Assurance Triplemax
GoodYear,Excellence
GoodYear,Assurance Triplemax
GoodYear,Excellence
GoodYear,Assurance Triplemax
GoodYear,Excellence
GoodYear,Assurance Armorgrip
GoodYear,Assurance Armorgrip
GoodYear,Assurance Armorgrip
Hankook,Optimo ME02
Hankook,Optimo ME02
Hankook,Optimo ME02
Hankook,Optimo ME02
Hankook,Optimo ME02
Hankook,Optimo ME02
Hankook,Optimo ME02
Hankook,Optimo ME02
Hankook,Optimo ME02
Hankook,Optimo ME02
JKTyre,UX Royale
JKTyre,UX Royale
JKTyre,UX Royale
JKTyre,UX Royale
JKTyre,UX Royale
JKTyre,UX Royale
JKTyre,UX Royale
JKTyre,Elanzo Nxt
JKTyre,Elanzo Nxt
JKTyre,Elanzo Nxt
JKTyre,UX Royale
JKTyre,UX Royale
JKTyre,UX Royale
JKTyre,Ranger H/T
JKTyre,Ranger H/T
JKTyre,Ranger H/T
Maxxis,MS300
Maxxis,MS300
Maxxis,MS300
Maxxis,MAP3
Maxxis,MAP3
Maxxis,MAP3
Maxxis,MAP3
Maxxis,MAP3
Maxxis,MAP3
Maxxis,MAP3
Michelin,Primacy 4ST
Michelin,Primacy 4ST
Michelin,Primacy 4ST
Michelin,Primacy 4ST
Michelin,Primacy 4ST
Michelin,Primacy 4ST
Michelin,Primacy 4ST
Michelin,Primacy 4ST
Michelin,Primacy 4ST
Michelin,Primacy 4ST
Pirelli,Cinturato P6
Pirelli,Cinturato P6
Pirelli,Cinturato P6
Pirelli,Cinturato P6
Pirelli,Cinturato P6
Pirelli,Cinturato P6
Pirelli,Cinturato P6
Pirelli,Cinturato P6
Pirelli,Cinturato P6
Pirelli,Cinturato P6
UltraMile,UM 551
UltraMile,UM 551
UltraMile,UM 551
UltraMile,UM 551
UltraMile,UM 551
UltraMile,UM 551
UltraMile,UM 551
UltraMile,UM 551
UltraMile,UM 551
UltraMile,UM 551
Yokohama,BluEarth RV2
Yokohama,Earth-1 E400
Yokohama,BluEarth-GT AE51
Yokohama,BluEarth AE50
Yokohama,BluEarth RV2
Yokohama,Earth-1 E400
Yokohama,BluEarth-GT AE51
Yokohama,BluEarth AE50
Yokohama,BluEarth RV2
Yokohama,Earth-1 E400
Yokohama,BluEarth-GT AE51
Yokohama,BluEarth AE50
Yokohama,Earth-1 E400
Yokohama,BluEarth-GT AE51
Yokohama,BluEarth RV2
Yokohama,A348
Yokohama,BluEarth AE50
Yokohama,Earth-1 E400
Yokohama,BluEarth-GT AE51
Yokohama,BluEarth RV2
Yokohama,A348
Yokohama,BluEarth AE50
Yokohama,Earth-1 E400
Yokohama,BluEarth-GT AE51
Yokohama,BluEarth RV2
Yokohama,A348
Yokohama,BluEarth AE50
Yokohama,Earth-1 E400
Yokohama,BluEarth-GT AE51
Yokohama,BluEarth RV2
Yokohama,A348
Yokohama,BluEarth AE50
Yokohama,Earth-1 E400
Yokohama,BluEarth-GT AE51
Yokohama,BluEarth RV2
Yokohama,A348
Yokohama,BluEarth AE50
Yokohama,Earth-1 E400
Yokohama,BluEarth-GT AE51
Yokohama,BluEarth RV2
Yokohama,A348
Yokohama,BluEarth AE50
Yokohama,Earth-1 E400
Yokohama,BluEarth-GT AE51
Yokohama,BluEarth RV2
Yokohama,A348
Yokohama,BluEarth AE50
Apollo,Amazer 4G Eco
Apollo,Amazer 4G Life
Apollo,Amazer 4G Eco
Apollo,Amazer 4G Life
Apollo,Amazer 4G Life
Apollo,Amazer 4G Eco
Apollo,Amazer 4G Life
Apollo,Amazer 4G Eco
Apollo,Amazer 4G Life
Apollo,Amazer 4G Eco
Apollo,Amazer 4G Life
Apollo,Amazer 4G Eco
Apollo,Amazer 4G Life
Apollo,Amazer 4G Eco
Apollo,Amazer 4G Life
Apollo,Amazer 4G Life
Apollo,Amazer 4G Life
Apollo,Amazer 4G Eco
Apollo,Amazer 4G Life
Apollo,Amazer 4G Eco
Apollo,Amazer 4G Life
Apollo,Amazer 4G Eco
Apollo,Amazer 4G Life
BridgeStone,B-Series B290
BridgeStone,B-Series B290
BridgeStone,B-Series B290
BridgeStone,B-Series B290
BridgeStone,B-Series B290
BridgeStone,B-Series B290
BridgeStone,B-Series B290
BridgeStone,B-Series B290
BridgeStone,B-Series B290
BridgeStone,B-Series B290
BridgeStone,Ecopia EP150
BridgeStone,B-Series B290
BridgeStone,B-Series B250
BridgeStone,Ecopia EP150
BridgeStone,B-Series B290
BridgeStone,B-Series B250
BridgeStone,Ecopia EP150
BridgeStone,B-Series B290
BridgeStone,B-Series B250
CEAT,FuelSmart
CEAT,FuelSmart
CEAT,FuelSmart
CEAT,FuelSmart
CEAT,FuelSmart
CEAT,FuelSmart
CEAT,FuelSmart
CEAT,FuelSmart
CEAT,FuelSmart
CEAT,FuelSmart
CEAT,Milage X3
CEAT,Milage X3
CEAT,Milage X3
Continental,ContiComfortContact CC5
Continental,ContiComfortContact CC5
Continental,ContiComfortContact CC5
Continental,ContiComfortContact CC5
Continental,ContiComfortContact CC5
Continental,ContiComfortContact CC5
Continental,ContiComfortContact CC5
Continental,ContiComfortContact CC5
Continental,ContiComfortContact CC5
Continental,ContiComfortContact CC5
Continental,Comfort Contact CC6
Continental,Comfort Contact CC6
Continental,Comfort Contact CC6
Continental,Comfort Contact CC6
Continental,Comfort Contact CC6
Continental,Comfort Contact CC6
Continental,Comfort Contact CC6
Continental,Comfort Contact CC6
Continental,Comfort Contact CC6
Continental,Comfort Contact CC6
Continental,ContiComfortContact CC5
Continental,Comfort Contact CC6
Continental,ContiComfortContact CC5
Continental,Comfort Contact CC6
Continental,ContiComfortContact CC5
Continental,Comfort Contact CC6
Falken,Sincera835
Falken,Sincera835
Falken,Sincera835
Falken,Sincera835
Falken,Sincera835
Falken,Sincera835
Falken,Sincera835
Falken,Sincera835
Falken,Sincera835
Falken,Sincera835
Falken,Sincera835
Falken,Sincera835
Falken,Sincera835
Firestone,FR500
Firestone,FR500
Firestone,FR500
Firestone,FR500
Firestone,FR500
Firestone,FR500
Firestone,FR500
Firestone,FR500
Firestone,FR500
Firestone,FR500
Firestone,FR500
Firestone,FR500
Firestone,FR500
GoodYear,Assurance Duraplus 2
GoodYear,Duraplus
GoodYear,Assurance Duraplus 2
GoodYear,Assurance Duraplus 2
GoodYear,Duraplus
GoodYear,Assurance Duraplus 2
GoodYear,Assurance Duraplus 2
GoodYear,Duraplus
GoodYear,Assurance Duraplus 2
GoodYear,Duraplus DP-M1
GoodYear,Assurance Triplemax
GoodYear,Duraplus DP-M1
GoodYear,Assurance Triplemax
GoodYear,Duraplus DP-M1
GoodYear,Assurance Triplemax
GoodYear,Duraplus DP-M1
GoodYear,Assurance Triplemax
GoodYear,Duraplus DP-M1
GoodYear,Assurance Triplemax
GoodYear,Duraplus DP-M1
GoodYear,Assurance Triplemax
GoodYear,Duraplus DP-M1
GoodYear,Assurance Triplemax
GoodYear,Duraplus DP-M1
GoodYear,Assurance Triplemax
GoodYear,Duraplus DP-M1
GoodYear,Assurance Triplemax
GoodYear,Duraplus DP-M1
GoodYear,Assurance Triplemax
Michelin,Energy XM2
Michelin,Energy XM2
Michelin,Energy XM2
Michelin,Energy XM2
Michelin,Energy XM2
Michelin,Energy XM2
Michelin,Energy XM2
Michelin,Energy XM2
Michelin,Energy XM2
Michelin,Energy XM2
Hankook,Optimo K715
Hankook,Optimo K715
Hankook,Optimo K715
JKTyre,Ultima Neo
JKTyre,Ultima Neo
JKTyre,Ultima Neo
MRF,ZLX
MRF,ZTX
MRF,ZLX
MRF,ZTX
MRF,ZLX
MRF,ZTX
UltraMile,UM 551
UltraMile,UM 551
UltraMile,UM 551
UltraMile,UM 551
UltraMile,UM 551
UltraMile,UM 551
UltraMile,UM 551
UltraMile,UM 551
UltraMile,UM 551
UltraMile,UM 551
UltraMile,UM 551
UltraMile,UM 551
UltraMile,UM 551
Yokohama,Earth-1 E400
Yokohama,Earth-1 E400
Yokohama,Earth-1 E400
Yokohama,Earth-1 E400
Yokohama,Earth-1 E400
Yokohama,Earth-1 E400
Yokohama,Earth-1 E400
Yokohama,Earth-1 E400
Yokohama,Earth-1 E400
Yokohama,Earth-1 E400
Yokohama,Earth-1 E400
Yokohama,Earth-1 E400
Yokohama,Earth-1 E400
Apollo,Amazer4G
Apollo,Amazer4G
Apollo,Amazer4G
Apollo,Amazer4G
Apollo,Amazer4G
Apollo,Amazer4G
BridgeStone,B-Series B290
BridgeStone,S-Series S248
BridgeStone,Turanza ER60
BridgeStone,B-Series B290
BridgeStone,B-Series B290
BridgeStone,B-Series B290
BridgeStone,B-Series B290
BridgeStone,B-Series B290
BridgeStone,S-Series S248
BridgeStone,S-Series S248
BridgeStone,S-Series S248
BridgeStone,S-Series S248
BridgeStone,S-Series S248
CEAT,Milage X3
CEAT,FuelSmart
CEAT,Milage X3
CEAT,Milage X3
CEAT,FuelSmart
CEAT,Milage X3
CEAT,Milage X3
CEAT,FuelSmart
CEAT,Milage X3
CEAT,Milage X3
CEAT,FuelSmart
CEAT,Milage X3
CEAT,Milage X3
CEAT,FuelSmart
CEAT,Milage X3
CEAT,Milage X3
CEAT,FuelSmart
CEAT,Milage X3
Falken,Sincera835
Falken,Sincera835
Falken,Sincera835
Falken,Sincera835
Falken,Sincera835
Falken,Sincera835
Firestone,FR500
Firestone,FR500
Firestone,FR500
Firestone,FR500
Firestone,FR500
Firestone,FR500
GoodYear,Ducaro Hi-Miler
GoodYear,Ducaro Hi-Miler
GoodYear,Ducaro Hi-Miler
GoodYear,Ducaro Hi-Miler
GoodYear,Ducaro Hi-Miler
GoodYear,Ducaro Hi-Miler
GoodYear,Ducaro Hi-Miler
GoodYear,Ducaro Hi-Miler
GoodYear,Ducaro Hi-Miler
GoodYear,Ducaro Hi-Miler
GoodYear,Ducaro Hi-Miler
GoodYear,Ducaro Hi-Miler
Hankook,Optimo K715
Hankook,Optimo K715
Hankook,Optimo K715
Hankook,Optimo K715
Hankook,Optimo K715
Hankook,Optimo K715
JKTyre,Ultima Neo
JKTyre,Ultima XP
JKTyre,Ultima XPC
JKTyre,Ultima NXT
JKTyre,Ultima XP
JKTyre,Ultima NXT
JKTyre,Ultima Neo
JKTyre,Ultima XP
JKTyre,Ultima XPC
JKTyre,Ultima NXT
JKTyre,Ultima XP
JKTyre,Ultima NXT
JKTyre,Ultima Neo
JKTyre,Ultima XP
JKTyre,Ultima XPC
JKTyre,Ultima NXT
JKTyre,Ultima XP
JKTyre,Ultima NXT
JKTyre,Ultima Neo
JKTyre,Ultima XP
JKTyre,Ultima XPC
JKTyre,Ultima NXT
JKTyre,Ultima XP
JKTyre,Ultima NXT
JKTyre,Ultima Neo
JKTyre,Ultima XP
JKTyre,Ultima XPC
JKTyre,Ultima NXT
JKTyre,Ultima XP
JKTyre,Ultima NXT
JKTyre,Ultima Neo
JKTyre,Ultima XP
JKTyre,Ultima XPC
JKTyre,Ultima NXT
JKTyre,Ultima XP
JKTyre,Ultima NXT
MRF,ZCT
MRF,ZCT
MRF,ZCT
MRF,ZCT
MRF,ZVTS
MRF,ZCT
MRF,ZCT
MRF,ZVTS
MRF,ZCT
MRF,ZCT
MRF,ZVTS
MRF,ZCT
MRF,ZCT
MRF,ZVTS
MRF,ZCT
MRF,ZCT
MRF,ZVTS
Apollo,Altrust
Apollo,Amazer XL
Apollo,Altrust
Apollo,Amazer XL
Apollo,Altrust
Apollo,Amazer XL
Apollo,Altrust
Apollo,Amazer XL
Apollo,Altrust
Apollo,Amazer XL
Apollo,Altrust
Apollo,Amazer XL
Apollo,Altrust
Apollo,Amazer XL
Apollo,Altrust
Apollo,Amazer XL
BridgeStone,L607
BridgeStone,L607
BridgeStone,L607
BridgeStone,L607
BridgeStone,L607
BridgeStone,L607
BridgeStone,L607
BridgeStone,L607
BridgeStone,L607
BridgeStone,L607
BridgeStone,L607
BridgeStone,L607
BridgeStone,L607
BridgeStone,L607
BridgeStone,L607
BridgeStone,L607
CEAT,Milaze HD
CEAT,Milaze HD
CEAT,Milaze HD
CEAT,Milaze HD
CEAT,Milaze HD
CEAT,Milaze HD
CEAT,Milaze HD
CEAT,Milaze HD
CEAT,Milaze HD
CEAT,Milaze HD
CEAT,Milaze HD
CEAT,Milaze HD
CEAT,Milaze HD
CEAT,Milaze HD
CEAT,Milaze HD
CEAT,Milaze HD
Falken,Linam R 51
Falken,Linam R 51
Falken,Linam R 51
Falken,Linam R 51
Falken,Linam R 51
Falken,Linam R 51
Falken,Linam R 51
Falken,Linam R 51
JKTyre,Ultima XPC
JKTyre,Ultima XPC
JKTyre,Ultima XPC
JKTyre,Ultima XPC
JKTyre,Ultima XPC
JKTyre,Ultima XPC
JKTyre,Ultima XPC
JKTyre,Ultima XPC
JKTyre,Ultima XPC
JKTyre,Ultima XPC
JKTyre,Ultima XPC
JKTyre,Ultima XPC
JKTyre,Ultima XPC
JKTyre,Ultima XPC
JKTyre,Ultima XPC
JKTyre,Ultima XPC
UltraMile,UM 787 LT
UltraMile,UM 787 LT
UltraMile,UM 787 LT
UltraMile,UM 787 LT
UltraMile,UM 787 LT
UltraMile,UM 787 LT
UltraMile,UM 787 LT
UltraMile,UM 787 LT
Apollo,Ainac 4GS
Apollo,Amazer 4G Life
Apollo,Ainac 4GS
Apollo,Amazer 4G Life
Apollo,Ainac 4GS
Apollo,Amazer 4G Life
Apollo,Ainac 4GS
Apollo,Amazer 4G Life
Apollo,Ainac 4GS
Apollo,Amazer 4G Life
Apollo,Ainac 4GS
Apollo,Amazer 4G Life
Apollo,Ainac 4GS
Apollo,Amazer 4G Life
Apollo,Ainac 4GS
Apollo,Amazer 4G Life
Apollo,Ainac 4GS
Apollo,Amazer 4G Life
Apollo,Ainac 4GS
Apollo,Amazer 4G Life
Apollo,Ainac 4GS
Apollo,Amazer 4G Life
Apollo,Ainac 4GS
Apollo,Amazer 4G Life
Apollo,Ainac 4GS
Apollo,Amazer 4G Life
Apollo,Ainac 4GS
Apollo,Amazer 4G Life
BridgeStone,B-Series B290
BridgeStone,Turanza T005
BridgeStone,B-Series B250
BridgeStone,Ecopia EP150
BridgeStone,B-Series B290
BridgeStone,Turanza T005
BridgeStone,B-Series B250
BridgeStone,Ecopia EP150
BridgeStone,B-Series B290
BridgeStone,Turanza T005
BridgeStone,B-Series B250
BridgeStone,Ecopia EP150
BridgeStone,B-Series B290
BridgeStone,Turanza T005
BridgeStone,B-Series B250
BridgeStone,Ecopia EP150
BridgeStone,B-Series B290
BridgeStone,Turanza T005
BridgeStone,B-Series B250
BridgeStone,Ecopia EP150
BridgeStone,B-Series B290
BridgeStone,Turanza T005
BridgeStone,B-Series B250
BridgeStone,Ecopia EP150
BridgeStone,B-Series B290
BridgeStone,Turanza T005
BridgeStone,B-Series B250
BridgeStone,Ecopia EP150
BridgeStone,B-Series B290
BridgeStone,Turanza T005
BridgeStone,B-Series B250
BridgeStone,Ecopia EP150
BridgeStone,B-Series B290
BridgeStone,Turanza T005
BridgeStone,B-Series B250
BridgeStone,Ecopia EP150
BridgeStone,B-Series B290
BridgeStone,Turanza T005
BridgeStone,B-Series B250
BridgeStone,Ecopia EP150
BridgeStone,B-Series B290
BridgeStone,Turanza T005
BridgeStone,B-Series B250
BridgeStone,Ecopia EP150
BridgeStone,B-Series B290
BridgeStone,Turanza T005
BridgeStone,B-Series B250
BridgeStone,Ecopia EP150
BridgeStone,B-Series B290
BridgeStone,Turanza T005
BridgeStone,B-Series B250
BridgeStone,Ecopia EP150
BridgeStone,B-Series B290
BridgeStone,Turanza T005
BridgeStone,B-Series B250
BridgeStone,Ecopia EP150
CEAT,SecuraDrive
CEAT,Milage X3
CEAT,FuelSmart
CEAT,SecuraDrive
CEAT,SecuraDrive
CEAT,SecuraDrive
CEAT,SecuraDrive
CEAT,SecuraDrive
CEAT,SecuraDrive
CEAT,SecuraDrive
CEAT,SecuraDrive
CEAT,SecuraDrive
CEAT,SecuraDrive
CEAT,SecuraDrive
CEAT,SecuraDrive
CEAT,SecuraDrive
CEAT,Milage X3
CEAT,Milage X3
CEAT,Milage X3
CEAT,Milage X3
CEAT,Milage X3
CEAT,Milage X3
CEAT,Milage X3
CEAT,Milage X3
CEAT,Milage X3
CEAT,Milage X3
CEAT,Milage X3
CEAT,Milage X3
CEAT,Milage X3
CEAT,FuelSmart
CEAT,FuelSmart
CEAT,FuelSmart
CEAT,FuelSmart
CEAT,FuelSmart
CEAT,FuelSmart
CEAT,FuelSmart
CEAT,FuelSmart
CEAT,FuelSmart
CEAT,FuelSmart
CEAT,FuelSmart
CEAT,FuelSmart
CEAT,FuelSmart
Continental,Comfort Contact CC6
Continental,UltraContact UC6
Continental,Comfort Contact CC6
Continental,Comfort Contact CC6
Continental,Comfort Contact CC6
Continental,Comfort Contact CC6
Continental,Comfort Contact CC6
Continental,Comfort Contact CC6
Continental,Comfort Contact CC6
Continental,Comfort Contact CC6
Continental,Comfort Contact CC6
Continental,Comfort Contact CC6
Continental,Comfort Contact CC6
Continental,Comfort Contact CC6
Continental,Comfort Contact CC6
Continental,UltraContact UC6
Continental,UltraContact UC6
Continental,UltraContact UC6
Continental,UltraContact UC6
Continental,UltraContact UC6
Continental,UltraContact UC6
Continental,UltraContact UC6
Continental,UltraContact UC6
Continental,UltraContact UC6
Continental,UltraContact UC6
Continental,UltraContact UC6
Continental,UltraContact UC6
Continental,UltraContact UC6
Falken,Ziex ZE914 EcoRun
Falken,Sincera835
Falken,Ziex ZE914 EcoRun
Falken,Ziex ZE914 EcoRun
Falken,Ziex ZE914 EcoRun
Falken,Ziex ZE914 EcoRun
Falken,Ziex ZE914 EcoRun
Falken,Ziex ZE914 EcoRun
Falken,Ziex ZE914 EcoRun
Falken,Ziex ZE914 EcoRun
Falken,Ziex ZE914 EcoRun
Falken,Ziex ZE914 EcoRun
Falken,Ziex ZE914 EcoRun
Falken,Ziex ZE914 EcoRun
Falken,Ziex ZE914 EcoRun
Falken,Sincera835
Falken,Sincera835
Falken,Sincera835
Falken,Sincera835
Falken,Sincera835
Falken,Sincera835
Falken,Sincera835
Falken,Sincera835
Falken,Sincera835
Falken,Sincera835
Falken,Sincera835
Falken,Sincera835
Falken,Sincera835
Firestone,FR500
Firestone,FR500
Firestone,FR500
Firestone,FR500
Firestone,FR500
Firestone,FR500
Firestone,FR500
Firestone,FR500
Firestone,FR500
Firestone,FR500
Firestone,FR500
Firestone,FR500
Firestone,FR500
Firestone,FR500
GoodYear,Assurance Triplemax
GoodYear,Duraplus
GoodYear,Assurance Triplemax
GoodYear,Assurance Triplemax
GoodYear,Assurance Triplemax
GoodYear,Assurance Triplemax
GoodYear,Assurance Triplemax
GoodYear,Assurance Triplemax
GoodYear,Assurance Triplemax
GoodYear,Assurance Triplemax
GoodYear,Assurance Triplemax
GoodYear,Assurance Triplemax
GoodYear,Assurance Triplemax
GoodYear,Assurance Triplemax
GoodYear,Assurance Triplemax
GoodYear,Duraplus
GoodYear,Duraplus
GoodYear,Duraplus
GoodYear,Duraplus
GoodYear,Duraplus
GoodYear,Duraplus
GoodYear,Duraplus
GoodYear,Duraplus
GoodYear,Duraplus
GoodYear,Duraplus
GoodYear,Duraplus
GoodYear,Duraplus
GoodYear,Duraplus
JKTyre,Taximaxx
JKTyre,Taximaxx
JKTyre,Taximaxx
JKTyre,Taximaxx
JKTyre,Taximaxx
JKTyre,Taximaxx
JKTyre,Taximaxx
JKTyre,Taximaxx
JKTyre,Taximaxx
JKTyre,Taximaxx
JKTyre,Taximaxx
JKTyre,Taximaxx
JKTyre,Taximaxx
JKTyre,Taximaxx
Kumho,Ecowing KH27
Kumho,Ecowing KH27
Kumho,Ecowing KH27
Kumho,Ecowing KH27
Kumho,Ecowing KH27
Kumho,Ecowing KH27
Kumho,Ecowing KH27
Kumho,Ecowing KH27
Kumho,Ecowing KH27
Kumho,Ecowing KH27
Kumho,Ecowing KH27
Kumho,Ecowing KH27
Kumho,Ecowing KH27
Kumho,Ecowing KH27
Michelin,Energy XM2
Michelin,Energy XM2
Michelin,Energy XM2
Michelin,Energy XM2
Michelin,Energy XM2
Michelin,Energy XM2
Michelin,Energy XM2
Michelin,Energy XM2
Michelin,Energy XM2
Michelin,Energy XM2
Michelin,Energy XM2
Michelin,Energy XM2
Michelin,Energy XM2
Michelin,Energy XM2
MRF,ZVTV
MRF,ZVTV
MRF,ZVTV
MRF,ZVTV
MRF,ZVTV
MRF,ZVTV
MRF,ZVTV
MRF,ZVTV
MRF,ZVTV
MRF,ZVTV
MRF,ZVTV
MRF,ZVTV
MRF,ZVTV
MRF,ZVTV
Pirelli,Cinturato P6
Pirelli,Cinturato P6
Pirelli,Cinturato P6
Pirelli,Cinturato P6
Pirelli,Cinturato P6
Pirelli,Cinturato P6
Pirelli,Cinturato P6
Pirelli,Cinturato P6
Pirelli,Cinturato P6
Pirelli,Cinturato P6
Pirelli,Cinturato P6
Pirelli,Cinturato P6
Pirelli,Cinturato P6
Pirelli,Cinturato P6
UltraMile,UM 551
UltraMile,UM 551
UltraMile,UM 551
UltraMile,UM 551
UltraMile,UM 551
UltraMile,UM 551
UltraMile,UM 551
UltraMile,UM 551
UltraMile,UM 551
UltraMile,UM 551
UltraMile,UM 551
UltraMile,UM 551
UltraMile,UM 551
UltraMile,UM 551
Yokohama,BluEarth AE50
Yokohama,Earth-1 E400
Yokohama,BluEarth-GT AE51
Yokohama,BluEarth AE50
Yokohama,BluEarth AE50
Yokohama,BluEarth AE50
Yokohama,BluEarth AE50
Yokohama,BluEarth AE50
Yokohama,BluEarth AE50
Yokohama,BluEarth AE50
Yokohama,BluEarth AE50
Yokohama,BluEarth AE50
Yokohama,BluEarth AE50
Yokohama,BluEarth AE50
Yokohama,BluEarth AE50
Yokohama,BluEarth AE50
Yokohama,Earth-1 E400
Yokohama,Earth-1 E400
Yokohama,Earth-1 E400
Yokohama,Earth-1 E400
Yokohama,Earth-1 E400
Yokohama,Earth-1 E400
Yokohama,Earth-1 E400
Yokohama,Earth-1 E400
Yokohama,Earth-1 E400
Yokohama,Earth-1 E400
Yokohama,Earth-1 E400
Yokohama,Earth-1 E400
Yokohama,Earth-1 E400
Yokohama,BluEarth-GT AE51
Yokohama,BluEarth-GT AE51
Yokohama,BluEarth-GT AE51
Yokohama,BluEarth-GT AE51
Yokohama,BluEarth-GT AE51
Yokohama,BluEarth-GT AE51
Yokohama,BluEarth-GT AE51
Yokohama,BluEarth-GT AE51
Yokohama,BluEarth-GT AE51
Yokohama,BluEarth-GT AE51
Yokohama,BluEarth-GT AE51
Yokohama,BluEarth-GT AE51
Yokohama,BluEarth-GT AE51
Apollo,Ainac 4GS
Apollo,Amazer 4G Life
Apollo,Ainac 4G
Apollo,Ainac 4G
Apollo,Ainac 4G
Apollo,Ainac 4G
Apollo,Ainac 4G
Apollo,Ainac 4G
Apollo,Ainac 4G
Apollo,Ainac 4G
Apollo,Ainac 4G
Apollo,Ainac 4G
Apollo,Ainac 4G
Apollo,Ainac 4G
Apollo,Ainac 4GS
Apollo,Ainac 4GS
Apollo,Ainac 4GS
Apollo,Ainac 4GS
Apollo,Ainac 4GS
Apollo,Ainac 4GS
Apollo,Ainac 4GS
Apollo,Ainac 4GS
Apollo,Ainac 4GS
Apollo,Ainac 4GS
Apollo,Ainac 4GS
Apollo,Ainac 4GS
Apollo,Ainac 4GS
Apollo,Ainac 4GS
Apollo,Ainac 4GS
Apollo,Ainac 4GS
Apollo,Ainac 4GS
Apollo,Ainac 4GS
Apollo,Ainac 4GS
Apollo,Ainac 4GS
Apollo,Amazer 4G Life
Apollo,Amazer 4G Life
Apollo,Amazer 4G Life
Apollo,Amazer 4G Life
Apollo,Amazer 4G Life
Apollo,Amazer 4G Life
Apollo,Amazer 4G Life
Apollo,Amazer 4G Life
Apollo,Amazer 4G Life
Apollo,Amazer 4G Life
Apollo,Amazer 4G Life
Apollo,Amazer 4G Life
Apollo,Amazer 4G Life
Apollo,Amazer 4G Life
Apollo,Amazer 4G Life
Apollo,Amazer 4G Life
Apollo,Amazer 4G Life
Apollo,Amazer 4G Life
Apollo,Amazer 4G Life
Apollo,Amazer 4G Life
BridgeStone,Ecopia EP150
BridgeStone,B-Series B290
BridgeStone,Turanza T005
BridgeStone,B-Series B250
BridgeStone,Ecopia EP150
BridgeStone,B-Series B290
BridgeStone,Turanza T005
BridgeStone,B-Series B250
BridgeStone,Ecopia EP150
BridgeStone,Ecopia EP150
BridgeStone,Ecopia EP150
BridgeStone,Ecopia EP150
BridgeStone,Ecopia EP150
BridgeStone,Ecopia EP150
BridgeStone,Ecopia EP150
BridgeStone,Ecopia EP150
BridgeStone,Ecopia EP150
BridgeStone,Ecopia EP150
BridgeStone,Ecopia EP150
BridgeStone,Ecopia EP150
BridgeStone,Ecopia EP150
BridgeStone,Ecopia EP150
BridgeStone,Ecopia EP150
BridgeStone,Ecopia EP150
BridgeStone,Ecopia EP150
BridgeStone,Ecopia EP150
BridgeStone,Ecopia EP150
BridgeStone,B-Series B290
BridgeStone,B-Series B290
BridgeStone,B-Series B290
BridgeStone,B-Series B290
BridgeStone,B-Series B290
BridgeStone,B-Series B290
BridgeStone,B-Series B290
BridgeStone,B-Series B290
BridgeStone,B-Series B290
BridgeStone,B-Series B290
BridgeStone,B-Series B290
BridgeStone,B-Series B290
BridgeStone,B-Series B290
BridgeStone,B-Series B290
BridgeStone,B-Series B290
BridgeStone,B-Series B290
BridgeStone,B-Series B290
BridgeStone,B-Series B290
BridgeStone,B-Series B290
BridgeStone,Turanza T005
BridgeStone,Turanza T005
BridgeStone,Turanza T005
BridgeStone,Turanza T005
BridgeStone,Turanza T005
BridgeStone,Turanza T005
BridgeStone,Turanza T005
BridgeStone,Turanza T005
BridgeStone,Turanza T005
BridgeStone,Turanza T005
BridgeStone,Turanza T005
BridgeStone,Turanza T005
BridgeStone,Turanza T005
BridgeStone,Turanza T005
BridgeStone,Turanza T005
BridgeStone,Turanza T005
BridgeStone,Turanza T005
BridgeStone,Turanza T005
BridgeStone,Turanza T005
BridgeStone,B-Series B250
BridgeStone,B-Series B250
BridgeStone,B-Series B250
BridgeStone,B-Series B250
BridgeStone,B-Series B250
BridgeStone,B-Series B250
BridgeStone,B-Series B250
BridgeStone,B-Series B250
BridgeStone,B-Series B250
BridgeStone,B-Series B250
BridgeStone,B-Series B250
BridgeStone,B-Series B250
BridgeStone,B-Series B250
BridgeStone,B-Series B250
BridgeStone,B-Series B250
BridgeStone,B-Series B250
BridgeStone,B-Series B250
BridgeStone,B-Series B250
BridgeStone,B-Series B250
BridgeStone,Ecopia EP150
BridgeStone,B-Series B290
BridgeStone,B-Series B250
BridgeStone,Ecopia EP150
BridgeStone,Ecopia EP150
BridgeStone,Ecopia EP150
BridgeStone,Ecopia EP150
BridgeStone,Ecopia EP150
BridgeStone,B-Series B290
BridgeStone,B-Series B290
BridgeStone,B-Series B290
BridgeStone,B-Series B290
BridgeStone,B-Series B290
BridgeStone,B-Series B250
BridgeStone,B-Series B250
BridgeStone,B-Series B250
BridgeStone,B-Series B250
BridgeStone,B-Series B250
CEAT,SecuraDrive
CEAT,SecuraDrive
CEAT,SecuraDrive
CEAT,SecuraDrive
CEAT,SecuraDrive
CEAT,SecuraDrive
CEAT,SecuraDrive
CEAT,Milage X3
CEAT,FuelSmart
CEAT,SecuraDrive
CEAT,SecuraDrive
CEAT,SecuraDrive
CEAT,SecuraDrive
CEAT,SecuraDrive
CEAT,SecuraDrive
CEAT,SecuraDrive
CEAT,SecuraDrive
CEAT,SecuraDrive
CEAT,SecuraDrive
CEAT,SecuraDrive
CEAT,SecuraDrive
CEAT,SecuraDrive
CEAT,SecuraDrive
CEAT,SecuraDrive
CEAT,SecuraDrive
CEAT,SecuraDrive
CEAT,SecuraDrive
CEAT,SecuraDrive
CEAT,SecuraDrive
CEAT,Milage X3
CEAT,Milage X3
CEAT,Milage X3
CEAT,Milage X3
CEAT,Milage X3
CEAT,Milage X3
CEAT,Milage X3
CEAT,Milage X3
CEAT,Milage X3
CEAT,Milage X3
CEAT,Milage X3
CEAT,Milage X3
CEAT,Milage X3
CEAT,Milage X3
CEAT,Milage X3
CEAT,Milage X3
CEAT,Milage X3
CEAT,Milage X3
CEAT,Milage X3
CEAT,Milage X3
CEAT,FuelSmart
CEAT,FuelSmart
CEAT,FuelSmart
CEAT,FuelSmart
CEAT,FuelSmart
CEAT,FuelSmart
CEAT,FuelSmart
CEAT,FuelSmart
CEAT,FuelSmart
CEAT,FuelSmart
CEAT,FuelSmart
CEAT,FuelSmart
CEAT,FuelSmart
CEAT,FuelSmart
CEAT,FuelSmart
CEAT,FuelSmart
CEAT,FuelSmart
CEAT,FuelSmart
CEAT,FuelSmart
CEAT,FuelSmart
Continental,Comfort Contact CC6
Continental,UltraContact UC6
Continental,Comfort Contact CC6
Continental,Comfort Contact CC6
Continental,Comfort Contact CC6
Continental,Comfort Contact CC6
Continental,Comfort Contact CC6
Continental,Comfort Contact CC6
Continental,Comfort Contact CC6
Continental,Comfort Contact CC6
Continental,Comfort Contact CC6
Continental,Comfort Contact CC6
Continental,Comfort Contact CC6
Continental,Comfort Contact CC6
Continental,Comfort Contact CC6
Continental,Comfort Contact CC6
Continental,Comfort Contact CC6
Continental,Comfort Contact CC6
Continental,Comfort Contact CC6
Continental,Comfort Contact CC6
Continental,Comfort Contact CC6
Continental,Comfort Contact CC6
Continental,UltraContact UC6
Continental,UltraContact UC6
Continental,UltraContact UC6
Continental,UltraContact UC6
Continental,UltraContact UC6
Continental,UltraContact UC6
Continental,UltraContact UC6
Continental,UltraContact UC6
Continental,UltraContact UC6
Continental,UltraContact UC6
Continental,UltraContact UC6
Continental,UltraContact UC6
Continental,UltraContact UC6
Continental,UltraContact UC6
Continental,UltraContact UC6
Continental,UltraContact UC6
Continental,UltraContact UC6
Continental,UltraContact UC6
Continental,UltraContact UC6
Continental,UltraContact UC6
Continental,ContiMax Contact MC5
Continental,UltraContact UC6
Continental,ContiMax Contact MC5
Continental,ContiMax Contact MC5
Continental,ContiMax Contact MC5
Continental,ContiMax Contact MC5
Continental,ContiMax Contact MC5
Continental,UltraContact UC6
Continental,UltraContact UC6
Continental,UltraContact UC6
Continental,UltraContact UC6
Continental,UltraContact UC6
Falken,Sincera835
Falken,Ziex ZE914 EcoRun
Falken,Sincera835
Falken,Sincera835
Falken,Sincera835
Falken,Sincera835
Falken,Sincera835
Falken,Ziex ZE914 EcoRun
Falken,Ziex ZE914 EcoRun
Falken,Ziex ZE914 EcoRun
Falken,Ziex ZE914 EcoRun
Falken,Ziex ZE914 EcoRun
Falken,Ziex ZE914 EcoRun
Falken,Sincera835
Falken,Ziex ZE914 EcoRun
Falken,Ziex ZE914 EcoRun
Falken,Ziex ZE914 EcoRun
Falken,Ziex ZE914 EcoRun
Falken,Ziex ZE914 EcoRun
Falken,Ziex ZE914 EcoRun
Falken,Ziex ZE914 EcoRun
Falken,Ziex ZE914 EcoRun
Falken,Ziex ZE914 EcoRun
Falken,Ziex ZE914 EcoRun
Falken,Ziex ZE914 EcoRun
Falken,Ziex ZE914 EcoRun
Falken,Ziex ZE914 EcoRun
Falken,Ziex ZE914 EcoRun
Falken,Ziex ZE914 EcoRun
Falken,Ziex ZE914 EcoRun
Falken,Ziex ZE914 EcoRun
Falken,Ziex ZE914 EcoRun
Falken,Ziex ZE914 EcoRun
Falken,Ziex ZE914 EcoRun
Falken,Sincera835
Falken,Sincera835
Falken,Sincera835
Falken,Sincera835
Falken,Sincera835
Falken,Sincera835
Falken,Sincera835
Falken,Sincera835
Falken,Sincera835
Falken,Sincera835
Falken,Sincera835
Falken,Sincera835
Falken,Sincera835
Falken,Sincera835
Falken,Sincera835
Falken,Sincera835
Falken,Sincera835
Falken,Sincera835
Falken,Sincera835
Falken,Sincera835
Firestone,FR500
Firestone,FR500
Firestone,FR500
Firestone,FR500
Firestone,FR500
Firestone,FR500
Firestone,FR500
Firestone,FR500
Firestone,FR500
Firestone,FR500
Firestone,FR500
Firestone,FR500
Firestone,FR500
Firestone,FR500
Firestone,FR500
Firestone,FR500
Firestone,FR500
Firestone,FR500
Firestone,FR500
Firestone,FR500
Firestone,FR500
GoodYear,Assurance Triplemax
GoodYear,Assurance Triplemax
GoodYear,Assurance Triplemax
GoodYear,Assurance Triplemax
GoodYear,Assurance Triplemax
GoodYear,Assurance Triplemax
GoodYear,Assurance Triplemax
GoodYear,Duraplus
GoodYear,Assurance Triplemax
GoodYear,Assurance Triplemax
GoodYear,Assurance Triplemax
GoodYear,Assurance Triplemax
GoodYear,Assurance Triplemax
GoodYear,Assurance Triplemax
GoodYear,Assurance Triplemax
GoodYear,Assurance Triplemax
GoodYear,Assurance Triplemax
GoodYear,Assurance Triplemax
GoodYear,Assurance Triplemax
GoodYear,Assurance Triplemax
GoodYear,Assurance Triplemax
GoodYear,Assurance Triplemax
GoodYear,Assurance Triplemax
GoodYear,Assurance Triplemax
GoodYear,Assurance Triplemax
GoodYear,Assurance Triplemax
GoodYear,Assurance Triplemax
GoodYear,Assurance Triplemax
GoodYear,Duraplus
GoodYear,Duraplus
GoodYear,Duraplus
GoodYear,Duraplus
GoodYear,Duraplus
GoodYear,Duraplus
GoodYear,Duraplus
GoodYear,Duraplus
GoodYear,Duraplus
GoodYear,Duraplus
GoodYear,Duraplus
GoodYear,Duraplus
GoodYear,Duraplus
GoodYear,Duraplus
GoodYear,Duraplus
GoodYear,Duraplus
GoodYear,Duraplus
GoodYear,Duraplus
GoodYear,Duraplus
GoodYear,Duraplus
JKTyre,Taximaxx
JKTyre,Taximaxx
JKTyre,Taximaxx
JKTyre,Taximaxx
JKTyre,Taximaxx
JKTyre,Taximaxx
JKTyre,Taximaxx
JKTyre,Taximaxx
JKTyre,Taximaxx
JKTyre,Taximaxx
JKTyre,Taximaxx
JKTyre,Taximaxx
JKTyre,Taximaxx
JKTyre,Taximaxx
JKTyre,Taximaxx
JKTyre,Taximaxx
JKTyre,Taximaxx
JKTyre,Taximaxx
JKTyre,Taximaxx
JKTyre,Taximaxx
JKTyre,Taximaxx
JKTyre,UX Royale
JKTyre,UX Royale
JKTyre,UX Royale
JKTyre,UX Royale
JKTyre,UX Royale
JKTyre,UX Royale
Michelin,Primacy 4ST
Michelin,Primacy 4ST
Michelin,Primacy 4ST
Michelin,Primacy 4ST
Michelin,Primacy 4ST
Michelin,Primacy 4ST
Michelin,Energy XM2
Michelin,Energy XM2
Michelin,Energy XM2
Michelin,Energy XM2
Michelin,Energy XM2
Michelin,Energy XM2
Michelin,Energy XM2
Michelin,Energy XM2
Michelin,Energy XM2
Michelin,Energy XM2
Michelin,Energy XM2
Michelin,Energy XM2
Michelin,Energy XM2
Michelin,Energy XM2
Michelin,Energy XM2
Michelin,Energy XM2
Michelin,Energy XM2
Michelin,Energy XM2
Michelin,Energy XM2
Michelin,Energy XM2
Michelin,Energy XM2
Kumho,Ecowing KH27
Kumho,Ecowing KH27
Kumho,Ecowing KH27
Kumho,Ecowing KH27
Kumho,Ecowing KH27
Kumho,Ecowing KH27
Kumho,Ecowing KH27
Kumho,Ecowing KH27
Kumho,Ecowing KH27
Kumho,Ecowing KH27
Kumho,Ecowing KH27
Kumho,Ecowing KH27
Kumho,Ecowing KH27
Kumho,Ecowing KH27
Kumho,Ecowing KH27
Kumho,Ecowing KH27
Kumho,Ecowing KH27
Kumho,Ecowing KH27
Kumho,Ecowing KH27
Kumho,Ecowing KH27
Kumho,Ecowing KH27
Pirelli,Cinturato P1 Verde
Pirelli,Cinturato P1 Verde
Pirelli,Cinturato P1 Verde
Pirelli,Cinturato P1 Verde
Pirelli,Cinturato P1 Verde
Pirelli,Cinturato P1 Verde
Pirelli,Cinturato P6
Pirelli,Cinturato P6
Pirelli,Cinturato P6
Pirelli,Cinturato P6
Pirelli,Cinturato P6
Pirelli,Cinturato P6
Pirelli,Cinturato P6
Pirelli,Cinturato P6
Pirelli,Cinturato P6
Pirelli,Cinturato P6
Pirelli,Cinturato P6
Pirelli,Cinturato P6
Pirelli,Cinturato P6
Pirelli,Cinturato P6
Pirelli,Cinturato P6
Pirelli,Cinturato P6
Pirelli,Cinturato P6
Pirelli,Cinturato P6
Pirelli,Cinturato P6
Pirelli,Cinturato P6
Pirelli,Cinturato P6
MRF,ZVTV
MRF,ZVTV
MRF,ZVTV
MRF,ZVTV
MRF,ZVTV
MRF,ZVTV
MRF,ZVTV
MRF,ZVTV
MRF,ZVTV
MRF,ZVTV
MRF,ZVTV
MRF,ZVTV
MRF,ZVTV
MRF,ZVTV
MRF,ZVTV
MRF,ZVTV
MRF,ZVTV
MRF,ZVTV
MRF,ZVTV
MRF,ZVTV
MRF,ZVTV
UltraMile,UM 551
UltraMile,UM 551
UltraMile,UM 551
UltraMile,UM 551
UltraMile,UM 551
UltraMile,UM 551
UltraMile,UM 551
UltraMile,UM 551
UltraMile,UM 551
UltraMile,UM 551
UltraMile,UM 551
UltraMile,UM 551
UltraMile,UM 551
UltraMile,UM 551
UltraMile,UM 551
UltraMile,UM 551
UltraMile,UM 551
UltraMile,UM 551
UltraMile,UM 551
UltraMile,UM 551
UltraMile,UM 551
Yokohama,Earth-1 E400
Yokohama,BluEarth-GT AE51
Yokohama,S.Drive AS01
Yokohama,BluEarth AE50
Yokohama,Earth-1 E400
Yokohama,Earth-1 E400
Yokohama,Earth-1 E400
Yokohama,Earth-1 E400
Yokohama,Earth-1 E400
Yokohama,BluEarth-GT AE51
Yokohama,BluEarth-GT AE51
Yokohama,BluEarth-GT AE51
Yokohama,BluEarth-GT AE51
Yokohama,BluEarth-GT AE51
Yokohama,S.Drive AS01
Yokohama,S.Drive AS01
Yokohama,S.Drive AS01
Yokohama,S.Drive AS01
Yokohama,S.Drive AS01
Yokohama,BluEarth AE50
Yokohama,BluEarth AE50
Yokohama,BluEarth AE50
Yokohama,BluEarth AE50
Yokohama,BluEarth AE50
Yokohama,BluEarth AE50
Yokohama,Earth-1 E400
Yokohama,BluEarth-GT AE51
Yokohama,BluEarth AE50
Yokohama,BluEarth AE50
Yokohama,BluEarth AE50
Yokohama,BluEarth AE50
Yokohama,BluEarth AE50
Yokohama,BluEarth AE50
Yokohama,BluEarth AE50
Yokohama,BluEarth AE50
Yokohama,BluEarth AE50
Yokohama,BluEarth AE50
Yokohama,BluEarth AE50
Yokohama,BluEarth AE50
Yokohama,BluEarth AE50
Yokohama,BluEarth AE50
Yokohama,BluEarth AE50
Yokohama,BluEarth AE50
Yokohama,BluEarth AE50
Yokohama,BluEarth AE50
Yokohama,BluEarth AE50
Yokohama,BluEarth AE50
Yokohama,Earth-1 E400
Yokohama,Earth-1 E400
Yokohama,Earth-1 E400
Yokohama,Earth-1 E400
Yokohama,Earth-1 E400
Yokohama,Earth-1 E400
Yokohama,Earth-1 E400
Yokohama,Earth-1 E400
Yokohama,Earth-1 E400
Yokohama,Earth-1 E400
Yokohama,Earth-1 E400
Yokohama,Earth-1 E400
Yokohama,Earth-1 E400
Yokohama,Earth-1 E400
Yokohama,Earth-1 E400
Yokohama,Earth-1 E400
Yokohama,Earth-1 E400
Yokohama,Earth-1 E400
Yokohama,Earth-1 E400
Yokohama,Earth-1 E400
Yokohama,BluEarth-GT AE51
Yokohama,BluEarth-GT AE51
Yokohama,BluEarth-GT AE51
Yokohama,BluEarth-GT AE51
Yokohama,BluEarth-GT AE51
Yokohama,BluEarth-GT AE51
Yokohama,BluEarth-GT AE51
Yokohama,BluEarth-GT AE51
Yokohama,BluEarth-GT AE51
Yokohama,BluEarth-GT AE51
Yokohama,BluEarth-GT AE51
Yokohama,BluEarth-GT AE51
Yokohama,BluEarth-GT AE51
Yokohama,BluEarth-GT AE51
Yokohama,BluEarth-GT AE51
Yokohama,BluEarth-GT AE51
Yokohama,BluEarth-GT AE51
Yokohama,BluEarth-GT AE51
Yokohama,BluEarth-GT AE51
Yokohama,BluEarth-GT AE51
CEAT,Milage X3
MRF,ZCC
Apollo,Amazer XL
JKTyre,Ultima NXT
Firestone,FR500
GoodYear,Ducaro Hi-Miler
MRF,ZVTS
Falken,Sincera835
BridgeStone,S-Series S322
Apollo,Amazer 4G Life
Apollo,Amazer 4G Life
Apollo,Amazer XL
Apollo,Amazer 4G Life
Apollo,Amazer XL
Apollo,Amazer 4G Life
Apollo,Amazer 4G Life
Apollo,Amazer 4G Life
Apollo,Amazer 4G Life
Apollo,Amazer 4G Life
Apollo,Amazer 4G Life
Apollo,Amazer 4G Life
Apollo,Amazer 4G Life
Apollo,Amazer 4G Life
BridgeStone,S-Series S322
BridgeStone,B-Series B290
BridgeStone,S-Series S322
BridgeStone,S-Series S322
BridgeStone,S-Series S322
BridgeStone,S-Series S322
BridgeStone,S-Series S322
BridgeStone,S-Series S322
BridgeStone,S-Series S322
BridgeStone,S-Series S322
BridgeStone,S-Series S322
BridgeStone,S-Series S322
BridgeStone,B-Series B290
BridgeStone,B-Series B290
BridgeStone,B-Series B290
BridgeStone,B-Series B290
BridgeStone,B-Series B290
BridgeStone,B-Series B290
BridgeStone,B-Series B290
BridgeStone,B-Series B290
BridgeStone,B-Series B290
BridgeStone,S-Series S322
BridgeStone,S-Series S322
BridgeStone,S-Series S322
BridgeStone,S-Series S322
BridgeStone,S-Series S322
BridgeStone,S-Series S322
BridgeStone,S-Series S322
BridgeStone,S-Series S322
BridgeStone,S-Series S322
BridgeStone,Ecopia EP150
BridgeStone,B-Series B290
BridgeStone,S-Series S322
BridgeStone,Ecopia EP150
BridgeStone,B-Series B290
BridgeStone,S-Series S322
CEAT,Milage X3
CEAT,Milage X3
CEAT,Milage X3
CEAT,Milage X3
CEAT,Milage X3
CEAT,Milage X3
CEAT,Milage X3
CEAT,Milage X3
CEAT,Milage X3
CEAT,Milage X3
CEAT,Milage X3
CEAT,Milage X3
CEAT,Milage X3
CEAT,Milage X3
Continental,ContiComfortContact CC5
Continental,Comfort Contact CC6
Continental,ContiComfortContact CC5
Continental,ContiComfortContact CC5
Continental,ContiComfortContact CC5
Continental,ContiComfortContact CC5
Continental,ContiComfortContact CC5
Continental,ContiComfortContact CC5
Continental,ContiComfortContact CC5
Continental,ContiComfortContact CC5
Continental,ContiComfortContact CC5
Continental,Comfort Contact CC6
Continental,Comfort Contact CC6
Continental,Comfort Contact CC6
Continental,Comfort Contact CC6
Continental,Comfort Contact CC6
Continental,Comfort Contact CC6
Continental,Comfort Contact CC6
Continental,Comfort Contact CC6
Continental,Comfort Contact CC6
Continental,ContiComfortContact CC5
Continental,ContiComfortContact CC5
Falken,Sincera835
Falken,Sincera835
Falken,Sincera835
Falken,Sincera835
Falken,Sincera835
Falken,Sincera835
Falken,Sincera835
Falken,Sincera835
Falken,Sincera835
Falken,Sincera835
Falken,Sincera835
Falken,Sincera835
Firestone,FR500
Firestone,FR500
Firestone,FR500
Firestone,FR500
Firestone,FR500
Firestone,FR500
Firestone,FR500
Firestone,FR500
Firestone,FR500
Firestone,FR500
GoodYear,Duraplus
GoodYear,Duraplus
GoodYear,Assurance Duraplus 2
GoodYear,Assurance Duraplus 2
GoodYear,Duraplus
GoodYear,Duraplus
GoodYear,Duraplus
GoodYear,Duraplus
GoodYear,Duraplus
GoodYear,Duraplus
GoodYear,Duraplus
GoodYear,Duraplus
GoodYear,Duraplus
GoodYear,Duraplus
GoodYear,Duraplus
GoodYear,Duraplus
GoodYear,Duraplus
GoodYear,Duraplus
GoodYear,Duraplus
GoodYear,Duraplus
GoodYear,Duraplus
GoodYear,Duraplus
GoodYear,Assurance Duraplus 2
GoodYear,Assurance Duraplus 2
GoodYear,Assurance Duraplus 2
GoodYear,Assurance Duraplus 2
GoodYear,Assurance Duraplus 2
GoodYear,Assurance Duraplus 2
GoodYear,Assurance Duraplus 2
GoodYear,Assurance Duraplus 2
GoodYear,Assurance Duraplus 2
GoodYear,Assurance Duraplus 2
GoodYear,Assurance Duraplus 2
GoodYear,Assurance Duraplus 2
GoodYear,Assurance Duraplus 2
GoodYear,Assurance Duraplus 2
GoodYear,Assurance Duraplus 2
GoodYear,Assurance Duraplus 2
GoodYear,Assurance Duraplus 2
GoodYear,Assurance Duraplus 2
GoodYear,GPS2
GoodYear,Ducaro Hi-Miler
GoodYear,Ducaro Hi-Miler
GoodYear,Assurance Duraplus 2
GoodYear,GPS2
GoodYear,Ducaro Hi-Miler
GoodYear,Ducaro Hi-Miler
GoodYear,Assurance Duraplus 2
Firestone,FR500
Firestone,FR500
JKTyre,Ultima NXT
JKTyre,Ultima NXT
JKTyre,Ultima NXT
JKTyre,Ultima NXT
JKTyre,Tornado
JKTyre,Tornado
JKTyre,Ultima Neo
JKTyre,Tornado
JKTyre,Tornado
JKTyre,Tornado
JKTyre,Tornado
JKTyre,Tornado
JKTyre,Tornado
JKTyre,Tornado
JKTyre,Tornado
JKTyre,Tornado
JKTyre,Tornado
JKTyre,Tornado
JKTyre,Tornado
JKTyre,Tornado
JKTyre,Tornado
JKTyre,Tornado
JKTyre,Tornado
JKTyre,Tornado
JKTyre,Tornado
JKTyre,Ultima Neo
JKTyre,Ultima Neo
JKTyre,Ultima Neo
JKTyre,Ultima Neo
JKTyre,Ultima Neo
JKTyre,Ultima Neo
JKTyre,Ultima Neo
JKTyre,Ultima Neo
JKTyre,Ultima Neo
Michelin,Energy XM2
Michelin,Energy XM2
Michelin,Energy XM2
Michelin,Energy XM2
Michelin,Energy XM2
Michelin,Energy XM2
Michelin,Energy XM2
Michelin,Energy XM2
Michelin,Energy XM2
Michelin,Energy XM2
MRF,ZVTS
MRF,ZVTS
MRF,ZLX
MRF,ZLX
MRF,ZLX
MRF,ZLX
MRF,ZLX
MRF,ZLX
MRF,ZLX
MRF,ZLX
MRF,ZLX
MRF,ZLX
Yokohama,Earth-1 E400
Yokohama,Earth-1 E400
Yokohama,Earth-1 E400
Yokohama,Earth-1 E400
Yokohama,Earth-1 E400
Yokohama,Earth-1 E400
Yokohama,Earth-1 E400
Yokohama,Earth-1 E400
Yokohama,Earth-1 E400
Yokohama,Earth-1 E400
Apollo,Amazer 4G Life
Apollo,Amazer 4G Life
Apollo,Amazer 4G Life
Apollo,Amazer 4G Life
Apollo,Amazer 4G Life
BridgeStone,Ecopia EP150
BridgeStone,B-Series B290
BridgeStone,B-Series B250
BridgeStone,Ecopia EP150
BridgeStone,Ecopia EP150
BridgeStone,Ecopia EP150
BridgeStone,Ecopia EP150
BridgeStone,B-Series B290
BridgeStone,B-Series B290
BridgeStone,B-Series B290
BridgeStone,B-Series B290
BridgeStone,B-Series B250
BridgeStone,B-Series B250
BridgeStone,B-Series B250
BridgeStone,B-Series B250
CEAT,Milage X3
CEAT,FuelSmart
CEAT,Milage X3
CEAT,Milage X3
CEAT,Milage X3
CEAT,Milage X3
CEAT,FuelSmart
CEAT,FuelSmart
CEAT,FuelSmart
CEAT,FuelSmart
Continental,ContiComfortContact CC5
Continental,Comfort Contact CC6
Continental,ContiComfortContact CC5
Continental,ContiComfortContact CC5
Continental,ContiComfortContact CC5
Continental,ContiComfortContact CC5
Continental,Comfort Contact CC6
Continental,Comfort Contact CC6
Continental,Comfort Contact CC6
Continental,Comfort Contact CC6
Falken,Sincera835
Falken,Sincera835
Falken,Sincera835
Falken,Sincera835
Falken,Sincera835
Firestone,FR500
Firestone,FR500
Firestone,FR500
Firestone,FR500
Firestone,FR500
GoodYear,Assurance Duraplus 2
GoodYear,Duraplus
GoodYear,Assurance Duraplus 2
GoodYear,Assurance Duraplus 2
GoodYear,Assurance Duraplus 2
GoodYear,Assurance Duraplus 2
GoodYear,Assurance Duraplus 2
GoodYear,Duraplus
GoodYear,Duraplus
GoodYear,Duraplus
GoodYear,Duraplus
GoodYear,Assurance Duraplus 2
GoodYear,Assurance Duraplus 2
GoodYear,Assurance Duraplus 2
GoodYear,Assurance Duraplus 2
Hankook,Optimo K715
Hankook,Optimo K715
Hankook,Optimo K715
Hankook,Optimo K715
Hankook,Optimo K715
JKTyre,Ultima Neo
JKTyre,Taximaxx
JKTyre,Ultima Neo
JKTyre,Ultima Neo
JKTyre,Ultima Neo
JKTyre,Ultima Neo
JKTyre,Taximaxx
JKTyre,Taximaxx
JKTyre,Taximaxx
JKTyre,Taximaxx
MRF,ZLX
MRF,ZTX
MRF,ZLX
MRF,ZLX
MRF,ZLX
MRF,ZLX
MRF,ZTX
MRF,ZTX
MRF,ZTX
MRF,ZTX
UltraMile,UM 551
UltraMile,UM 551
UltraMile,UM 551
UltraMile,UM 551
UltraMile,UM 551
Yokohama,Earth-1 E400
Yokohama,Earth-1 E400
Yokohama,Earth-1 E400
Yokohama,Earth-1 E400
Yokohama,Earth-1 E400
Yokohama,Geolandar G92C
Pirelli,Scorpion Verde All Season
Pirelli,Scorpion Verde All Season
Falken,Ziex ZE914 EcoRun
JKTyre,Ranger H/T
GoodYear,Efficient Grip SUV
Hankook,Dynapro HP (RA23)
Michelin,Latitude Tour
Michelin,Primacy SUV
Yokohama,Geolandar G92C
Pirelli,Scorpion Verde All Season
Pirelli,Scorpion Verde All Season
Falken,Ziex ZE914 EcoRun
JKTyre,Ranger H/T
GoodYear,Efficient Grip SUV
Hankook,Dynapro HP (RA23)
Michelin,Latitude Tour
Michelin,Primacy SUV
Pirelli,Scorpion Verde All Season
Pirelli,Scorpion Verde All Season
Falken,Ziex ZE914 EcoRun
JKTyre,Ranger H/T
GoodYear,Efficient Grip SUV
Hankook,Dynapro HP (RA23)
Michelin,Latitude Tour
Michelin,Primacy SUV
Yokohama,Geolandar SUV G055
Continental,Conti 4X4 Contact
Yokohama,Geolandar A/T G015
Yokohama,Geolandar A/T G016
Yokohama,Geolandar SUV G055
Continental,Conti 4X4 Contact
Yokohama,Geolandar A/T G015
Yokohama,Geolandar A/T G016
Yokohama,Geolandar SUV G055
Continental,Conti 4X4 Contact
Yokohama,Geolandar A/T G015
Yokohama,Geolandar A/T G016
Pirelli,Cinturato P7
Pirelli,Cinturato P7
Maxxis,Victra I-Pro MA I-Pro
Apollo,Aspire 4G
Apollo,Ainac 4G
Yokohama,DB E70B
Yokohama,BluEarth AE50
Pirelli,Cinturato P7
Pirelli,Cinturato P7
Maxxis,Victra I-Pro MA I-Pro
Apollo,Amazer 4G Life
Apollo,Amazer 4G Life
Apollo,Ainac 4G
Apollo,Amazer 3G Maxx
Apollo,Amazer 4G Life
Apollo,Ainac 4G
Apollo,Amazer 3G Maxx
Apollo,Amazer 4G Life
Apollo,Amazer 4G Life
Apollo,Amazer 4G Life
Apollo,Amazer 4G Life
Apollo,Amazer 4G Life
Apollo,Amazer 4G Life
BridgeStone,Ecopia EP150
BridgeStone,B-Series B290
BridgeStone,Turanza T005
BridgeStone,S-Series S248
BridgeStone,Ecopia EP150
BridgeStone,Ecopia EP150
BridgeStone,Ecopia EP150
BridgeStone,Ecopia EP150
BridgeStone,Ecopia EP150
BridgeStone,Ecopia EP150
BridgeStone,B-Series B290
BridgeStone,B-Series B290
BridgeStone,B-Series B290
BridgeStone,B-Series B290
BridgeStone,B-Series B290
BridgeStone,B-Series B290
BridgeStone,Turanza T005
BridgeStone,Turanza T005
BridgeStone,Turanza T005
BridgeStone,Turanza T005
BridgeStone,Turanza T005
BridgeStone,Turanza T005
BridgeStone,S-Series S248
BridgeStone,S-Series S248
BridgeStone,S-Series S248
BridgeStone,S-Series S248
BridgeStone,S-Series S248
BridgeStone,S-Series S248
BridgeStone,Ecopia EP150
BridgeStone,B-Series B290
BridgeStone,Turanza T005
BridgeStone,B-Series B250
BridgeStone,Ecopia EP150
BridgeStone,B-Series B290
BridgeStone,Turanza T005
BridgeStone,B-Series B250
CEAT,Milage X3
CEAT,FuelSmart
CEAT,Milage X3
CEAT,FuelSmart
CEAT,Milage X3
CEAT,FuelSmart
CEAT,Milage X3
CEAT,Milage X3
CEAT,Milage X3
CEAT,Milage X3
CEAT,Milage X3
CEAT,Milage X3
CEAT,Milage X3
CEAT,FuelSmart
CEAT,FuelSmart
CEAT,FuelSmart
CEAT,FuelSmart
CEAT,FuelSmart
CEAT,FuelSmart
CEAT,Milage X3
CEAT,Milage X3
CEAT,Milage X3
CEAT,Milage X3
CEAT,Milage X3
CEAT,Milage X3
Continental,ContiComfortContact CC5
Continental,Comfort Contact CC6
Continental,ContiComfortContact CC5
Continental,ContiComfortContact CC5
Continental,ContiComfortContact CC5
Continental,ContiComfortContact CC5
Continental,ContiComfortContact CC5
Continental,ContiComfortContact CC5
Continental,Comfort Contact CC6
Continental,Comfort Contact CC6
Continental,Comfort Contact CC6
Continental,Comfort Contact CC6
Continental,Comfort Contact CC6
Continental,Comfort Contact CC6
Continental,Comfort Contact CC6
Continental,UltraContact UC6
Continental,Comfort Contact CC6
Continental,UltraContact UC6
Falken,Sincera845
Falken,Sincera845
Falken,Sincera845
Falken,Sincera845
Falken,Sincera845
Falken,Sincera845
Falken,Sincera845
Falken,Sincera845
Falken,Sincera845
Firestone,FR500
Firestone,FR500
Firestone,FR500
Firestone,FR500
Firestone,FR500
Firestone,FR500
Firestone,FR500
Firestone,FR500
Firestone,FR500
GoodYear,AssuranceDuraplus
GoodYear,Assurance Triplemax
GoodYear,Assurance Triplemax 2
GoodYear,Duraplus
GoodYear,AssuranceDuraplus
GoodYear,Assurance Triplemax
GoodYear,Assurance Triplemax 2
GoodYear,Duraplus
GoodYear,Assurance Duraplus 2
GoodYear,Duraplus
GoodYear,AssuranceDuraplus
GoodYear,Assurance Duraplus 2
GoodYear,Assurance Duraplus 2
GoodYear,Assurance Duraplus 2
GoodYear,Assurance Duraplus 2
GoodYear,Assurance Duraplus 2
GoodYear,Assurance Duraplus 2
GoodYear,Duraplus
GoodYear,Duraplus
GoodYear,Duraplus
GoodYear,Duraplus
GoodYear,Duraplus
GoodYear,Duraplus
GoodYear,AssuranceDuraplus
GoodYear,AssuranceDuraplus
GoodYear,AssuranceDuraplus
GoodYear,AssuranceDuraplus
GoodYear,AssuranceDuraplus
GoodYear,AssuranceDuraplus
Hankook,Optimo ME02
Hankook,Optimo ME02
JKTyre,Taximaxx
JKTyre,UX Royale
JKTyre,Taximaxx
JKTyre,UX Royale
JKTyre,Tornado
JKTyre,Elanzo Touring
JKTyre,Taximaxx
JKTyre,UX Royale
JKTyre,Tornado
JKTyre,Tornado
JKTyre,Tornado
JKTyre,Tornado
JKTyre,Tornado
JKTyre,Tornado
JKTyre,Elanzo Touring
JKTyre,Elanzo Touring
JKTyre,Elanzo Touring
JKTyre,Elanzo Touring
JKTyre,Elanzo Touring
JKTyre,Elanzo Touring
JKTyre,Taximaxx
JKTyre,Taximaxx
JKTyre,Taximaxx
JKTyre,Taximaxx
JKTyre,Taximaxx
JKTyre,Taximaxx
JKTyre,UX Royale
JKTyre,UX Royale
JKTyre,UX Royale
JKTyre,UX Royale
JKTyre,UX Royale
JKTyre,UX Royale
MRF,ZTX
MRF,ZV2K
MRF,ZLX
MRF,ZTX
MRF,ZTX
MRF,ZTX
MRF,ZTX
MRF,ZTX
MRF,ZTX
MRF,ZV2K
MRF,ZV2K
MRF,ZV2K
MRF,ZV2K
MRF,ZV2K
MRF,ZV2K
MRF,ZLX
MRF,ZLX
MRF,ZLX
MRF,ZLX
MRF,ZLX
MRF,ZLX
MRF,ZLO
MRF,ZLO
UltraMile,UM 551
UltraMile,UM 551
UltraMile,UM 551
UltraMile,UM 551
UltraMile,UM 551
UltraMile,UM 551
UltraMile,UM 551
UltraMile,UM 551
UltraMile,UM 551
Yokohama,Earth-1 E400
Yokohama,Earth-1 E400
Yokohama,Earth-1 E400
Yokohama,Earth-1 E400
Yokohama,Earth-1 E400
Yokohama,Earth-1 E400
Yokohama,Earth-1 E400
Yokohama,BluEarth AE50
Yokohama,Earth-1 E400
Yokohama,BluEarth AE50
Yokohama,Earth-1 E400
Pirelli,Cinturato P4
Pirelli,Cinturato P4
Michelin,Energy XM2
Michelin,Energy XM2
Kumho,Ecowing KH27
Kumho,Ecowing KH27
Apollo,Amazer 4G Life
Apollo,Amazer 4G Life
Apollo,Amazer 4G Life
Apollo,Amazer 4G Life
Apollo,Amazer 4G Life
Apollo,Amazer 4G Life
BridgeStone,Ecopia EP150
BridgeStone,B-Series B290
BridgeStone,Turanza T005
BridgeStone,B-Series B250
BridgeStone,Ecopia EP150
BridgeStone,B-Series B290
BridgeStone,Turanza T005
BridgeStone,B-Series B250
BridgeStone,Ecopia EP150
BridgeStone,B-Series B290
BridgeStone,Turanza T005
BridgeStone,S-Series S248
BridgeStone,Ecopia EP150
BridgeStone,B-Series B290
BridgeStone,Turanza T005
BridgeStone,S-Series S248
BridgeStone,Ecopia EP150
BridgeStone,B-Series B290
BridgeStone,Turanza T005
BridgeStone,S-Series S248
BridgeStone,Ecopia EP150
BridgeStone,B-Series B290
BridgeStone,Turanza T005
BridgeStone,S-Series S248
CEAT,Milage X3
CEAT,FuelSmart
CEAT,Milage X3
CEAT,Milage X3
CEAT,FuelSmart
CEAT,Milage X3
CEAT,Milage X3
CEAT,FuelSmart
CEAT,Milage X3
CEAT,Milage X3
CEAT,FuelSmart
CEAT,Milage X3
CEAT,Milage X3
CEAT,FuelSmart
CEAT,Milage X3
CEAT,FuelSmart
Continental,Comfort Contact CC6
Continental,UltraContact UC6
Continental,Comfort Contact CC6
Continental,UltraContact UC6
Continental,ContiComfortContact CC5
Continental,Comfort Contact CC6
Continental,ContiComfortContact CC5
Continental,Comfort Contact CC6
Continental,ContiComfortContact CC5
Continental,Comfort Contact CC6
Continental,ContiComfortContact CC5
Continental,Comfort Contact CC6
Falken,Sincera845
Falken,Sincera845
Falken,Sincera845
Falken,Sincera845
Falken,Sincera845
Falken,Sincera845
Firestone,FR500
Firestone,FR500
Firestone,FR500
Firestone,FR500
Firestone,FR500
Firestone,FR500
GoodYear,Assurance Duraplus 2
GoodYear,Duraplus
GoodYear,Assurance Duraplus
GoodYear,Assurance Duraplus 2
GoodYear,Duraplus
GoodYear,Assurance Duraplus
GoodYear,Assurance Duraplus 2
GoodYear,Duraplus
GoodYear,Assurance Duraplus
GoodYear,Assurance Duraplus 2
GoodYear,Duraplus
GoodYear,Assurance Duraplus
GoodYear,Assurance Duraplus
GoodYear,Assurance Triplemax
GoodYear,Assurance Triplemax 2
GoodYear,Duraplus
GoodYear,Assurance Duraplus
GoodYear,Assurance Triplemax
GoodYear,Assurance Triplemax 2
GoodYear,Duraplus
Hankook,Optimo ME02
Hankook,Optimo ME02
JKTyre,Taximaxx
JKTyre,UX Royale
JKTyre,Taximaxx
JKTyre,UX Royale
Kumho,Ecowing KH27
Kumho,Ecowing KH27
Michelin,Energy XM2
Michelin,Energy XM2
MRF,ZLO
MRF,ZLO
MRF,ZTX
MRF,ZV2K
MRF,ZLX
MRF,ZTX
MRF,ZV2K
MRF,ZLX
MRF,ZTX
MRF,ZV2K
MRF,ZLX
MRF,ZTX
MRF,ZV2K
MRF,ZLX
Pirelli,Cinturato P4
Pirelli,Cinturato P4
UltraMile,UM 551
UltraMile,UM 551
UltraMile,UM 551
UltraMile,UM 551
UltraMile,UM 551
UltraMile,UM 551
Yokohama,Earth-1 E400
Yokohama,BluEarth AE50
Yokohama,Earth-1 E400
Yokohama,BluEarth AE50
Yokohama,Earth-1 E400
Yokohama,Earth-1 E400
Yokohama,Earth-1 E400
Yokohama,Earth-1 E400
JKTyre,Tornado
JKTyre,Taximaxx
JKTyre,Elanzo Touring
JKTyre,UX Royale
JKTyre,Tornado
JKTyre,Taximaxx
JKTyre,Elanzo Touring
JKTyre,UX Royale
JKTyre,Tornado
JKTyre,Taximaxx
JKTyre,Elanzo Touring
JKTyre,UX Royale
JKTyre,Tornado
JKTyre,Taximaxx
JKTyre,Elanzo Touring
JKTyre,UX Royale
Apollo,Ainac 4G
Apollo,Manchester United
Apollo,Ainac 4GS
Apollo,Ainac 4G
Apollo,Apterra Cross
Apollo,Ainac 4G
Apollo,Apterra Cross
Apollo,Ainac 4G
Apollo,Apterra Cross
Apollo,Ainac 4G
Apollo,Apterra Cross
Apollo,Ainac 4G
Apollo,Apterra Cross
Apollo,Ainac 4G
Apollo,Manchester United
Apollo,Ainac 4GS
Apollo,Ainac 4G
Apollo,Manchester United
Apollo,Ainac 4GS
BridgeStone,Potenza G3
BridgeStone,Turanza T005
BridgeStone,Turanza T001
BridgeStone,Potenza G3
BridgeStone,Turanza T005
BridgeStone,Turanza T001
BridgeStone,Potenza G3
BridgeStone,Turanza T005
BridgeStone,Turanza T001
BridgeStone,Potenza G3
BridgeStone,Turanza T005
BridgeStone,Turanza T001
BridgeStone,Potenza G3
BridgeStone,Turanza T005
BridgeStone,Turanza T001
BridgeStone,Ecopia EP150
BridgeStone,B-Series B250
BridgeStone,Turanza T001
BridgeStone,Ecopia EP150
BridgeStone,B-Series B250
BridgeStone,Turanza T001
BridgeStone,Ecopia EP150
BridgeStone,B-Series B250
BridgeStone,Turanza T001
CEAT,SecuraDrive
CEAT,SecuraDrive
CEAT,SecuraDrive
CEAT,Czar HP
CEAT,Czar Sports
CEAT,Czar HP
CEAT,Czar HP
CEAT,Czar HP
CEAT,Czar HP
CEAT,Czar Sports
CEAT,Czar Sports
CEAT,Czar Sports
CEAT,Czar Sports
Continental,ContiMax Contact MC5
Continental,UltraContact UC6
Continental,ContiMax Contact MC5
Continental,ContiMax Contact MC5
Continental,ContiMax Contact MC5
Continental,ContiMax Contact MC5
Continental,UltraContact UC6
Continental,UltraContact UC6
Continental,UltraContact UC6
Continental,UltraContact UC6
Continental,ContiMax Contact MC5
Continental,UltraContact UC6
Continental,ContiMax Contact MC5
Continental,UltraContact UC6
Continental,ContiMax Contact MC5
Continental,UltraContact UC6
Falken,Sincera835
Falken,Ziex ZE914 EcoRun
Falken,Sincera835
Falken,Ziex ZE914 EcoRun
Falken,Sincera835
Falken,Ziex ZE914 EcoRun
Falken,Azenis PT 722
Falken,Ziex ZE914 EcoRun
Falken,Azenis PT 722
Falken,Azenis PT 722
Falken,Azenis PT 722
Falken,Azenis PT 722
Falken,Ziex ZE914 EcoRun
Falken,Ziex ZE914 EcoRun
Falken,Ziex ZE914 EcoRun
Falken,Ziex ZE914 EcoRun
GoodYear,Assurance Armorgrip
GoodYear,Assurance Armorgrip
GoodYear,Assurance Armorgrip
GoodYear,Assurance Armorgrip
GoodYear,Assurance Armorgrip
GoodYear,Assurance Armorgrip
GoodYear,Eagle NCT5
GoodYear,Assurance Triplemax
GoodYear,Assurance Triplemax 2
GoodYear,Eagle F1 GSD3
GoodYear,Assurance Armorgrip
GoodYear,Eagle NCT5
GoodYear,Assurance Triplemax
GoodYear,Assurance Triplemax 2
GoodYear,Eagle F1 GSD3
GoodYear,Assurance Armorgrip
GoodYear,Eagle NCT5
GoodYear,Assurance Triplemax
GoodYear,Assurance Triplemax 2
GoodYear,Eagle F1 GSD3
Hankook,Optimo ME02
Hankook,Optimo ME02
Hankook,Optimo ME02
Hankook,Optimo ME02
Hankook,Optimo ME02
Hankook,Optimo ME02
Hankook,Optimo ME02
Hankook,Optimo ME02
JKTyre,Elanzo Nxt
JKTyre,UX Royale
JKTyre,Ranger H/T
JKTyre,Elanzo Nxt
JKTyre,Elanzo Nxt
JKTyre,Elanzo Nxt
JKTyre,Elanzo Nxt
JKTyre,UX Royale
JKTyre,UX Royale
JKTyre,UX Royale
JKTyre,UX Royale
JKTyre,Ranger H/T
JKTyre,Ranger H/T
JKTyre,Ranger H/T
JKTyre,Ranger H/T
JKTyre,UX Royale
JKTyre,UX Royale
JKTyre,UX Royale
Michelin,Energy XM2
Michelin,Primacy 4ST
Michelin,Energy XM2
Michelin,Primacy 4ST
Michelin,Energy XM2
Michelin,Primacy 4ST
Michelin,Primacy 4ST
Michelin,Primacy 4ST
Michelin,Primacy 4ST
Michelin,Primacy 4ST
Michelin,Primacy 4ST
Maxxis,MS300
Maxxis,MS300
Maxxis,MS300
Maxxis,MS300
Maxxis,MS300
Pirelli,Cinturato P6
Pirelli,Cinturato P6
Pirelli,Cinturato P6
Pirelli,Cinturato P6
Pirelli,Cinturato P6
Pirelli,Cinturato P7
Pirelli,Cinturato P6
Pirelli,Cinturato P7
Pirelli,Cinturato P6
Pirelli,Cinturato P7
Pirelli,Cinturato P6
UltraMile,UM 551
UltraMile,UM 551
UltraMile,UM 551
UltraMile,UM 551
UltraMile,UM 551
UltraMile,UM 551
UltraMile,UM 551
UltraMile,UM 551
Yokohama,Earth-1 E400
Yokohama,BluEarth RV2
Yokohama,BluEarth-GT AE51
Yokohama,BluEarth AE50
Yokohama,Earth-1 E400
Yokohama,Earth-1 E400
Yokohama,Earth-1 E400
Yokohama,Earth-1 E400
Yokohama,BluEarth RV2
Yokohama,BluEarth RV2
Yokohama,BluEarth RV2
Yokohama,BluEarth RV2
Yokohama,BluEarth-GT AE51
Yokohama,BluEarth-GT AE51
Yokohama,BluEarth-GT AE51
Yokohama,BluEarth-GT AE51
Yokohama,BluEarth AE50
Yokohama,BluEarth AE50
Yokohama,BluEarth AE50
Yokohama,BluEarth AE50
Yokohama,BluEarth-GT AE51
Yokohama,BluEarth AE50
Yokohama,BluEarth-GT AE51
Yokohama,BluEarth AE50
Yokohama,BluEarth-GT AE51
Yokohama,BluEarth AE50
Apollo,Amazer 4G Life
Apollo,Amazer XL
Apollo,Amazer XL
Apollo,Amazer 4G Life
Apollo,Amazer 4G Life
Apollo,Amazer 4G Life
Apollo,Amazer 4G Life
Apollo,Amazer XL
Apollo,Amazer XL
Apollo,Amazer XL
Apollo,Amazer XL
Apollo,Amazer 4G Life
Apollo,Amazer 4G Life
Apollo,Amazer 4G Life
Apollo,Amazer 4G Life
BridgeStone,Ecopia EP150
BridgeStone,B-Series B290
BridgeStone,S-Series S322
BridgeStone,Ecopia EP150
BridgeStone,Ecopia EP150
BridgeStone,Ecopia EP150
BridgeStone,Ecopia EP150
BridgeStone,B-Series B290
BridgeStone,B-Series B290
BridgeStone,B-Series B290
BridgeStone,B-Series B290
BridgeStone,S-Series S322
BridgeStone,S-Series S322
BridgeStone,S-Series S322
BridgeStone,S-Series S322
CEAT,Milage X3
CEAT,Milage X3
CEAT,Milage X3
CEAT,Milage X3
CEAT,Milage X3
CEAT,Milage X3
CEAT,Milage X3
CEAT,Milage X3
CEAT,Milage X3
CEAT,Milage X3
Continental,ContiComfortContact CC5
Continental,ContiComfortContact CC5
Continental,ContiComfortContact CC5
Continental,ContiComfortContact CC5
Continental,ContiComfortContact CC5
Falken,Sincera835
Falken,Sincera835
Falken,Sincera835
Falken,Sincera835
Falken,Sincera835
Firestone,FR500
Firestone,FR500
Firestone,FR500
Firestone,FR500
Firestone,FR500
GoodYear,GPS2
GoodYear,Ducaro Hi-Miler
GoodYear,Ducaro Hi-Miler
GoodYear,Assurance Duraplus 2
GoodYear,GPS2
GoodYear,GPS2
GoodYear,GPS2
GoodYear,GPS2
GoodYear,Ducaro Hi-Miler
GoodYear,Ducaro Hi-Miler
GoodYear,Ducaro Hi-Miler
GoodYear,Ducaro Hi-Miler
GoodYear,Ducaro Hi-Miler
GoodYear,Ducaro Hi-Miler
GoodYear,Ducaro Hi-Miler
GoodYear,Ducaro Hi-Miler
GoodYear,Assurance Duraplus 2
GoodYear,Assurance Duraplus 2
GoodYear,Assurance Duraplus 2
GoodYear,Assurance Duraplus 2
GoodYear,Assurance Duraplus 2
GoodYear,Assurance Duraplus 2
GoodYear,Assurance Duraplus 2
GoodYear,Assurance Duraplus 2
GoodYear,Assurance Duraplus 2
JKTyre,Ultima NXT
JKTyre,Ultima NXT
JKTyre,Ultima NXT
JKTyre,Ultima NXT
JKTyre,Ultima NXT
JKTyre,Ultima NXT
JKTyre,Ultima NXT
JKTyre,Ultima NXT
JKTyre,Ultima NXT
JKTyre,Ultima NXT
MRF,ZVTSM
MRF,ZVTS
MRF,ZVTSM
MRF,ZVTSM
MRF,ZVTSM
MRF,ZVTSM
MRF,ZVTS
MRF,ZVTS
MRF,ZVTS
MRF,ZVTS
Apollo,Amazer XL
Apollo,Amazer 4G Life
Apollo,Amazer 4G Life
Apollo,Amazer 4G Life
Apollo,Amazer 4G Life
Apollo,Amazer 4G Life
Apollo,Amazer 4G Life
Apollo,Amazer 4G Life
Apollo,Amazer 4G Life
Apollo,Amazer XL
Apollo,Amazer XL
Apollo,Amazer XL
Apollo,Amazer XL
Apollo,Amazer 4G Life
Apollo,Amazer 4G Life
Apollo,Amazer 4G Life
Apollo,Amazer 4G Life
Apollo,Amazer 4G Life
Apollo,Amazer 4G Life
Apollo,Amazer 4G Life
Apollo,Amazer 4G Life
BridgeStone,B-Series B290
BridgeStone,B-Series B290
BridgeStone,B-Series B290
BridgeStone,B-Series B290
BridgeStone,B-Series B290
BridgeStone,Ecopia EP150
BridgeStone,B-Series B290
BridgeStone,B-Series B250
BridgeStone,Ecopia EP150
BridgeStone,Ecopia EP150
BridgeStone,Ecopia EP150
BridgeStone,Ecopia EP150
BridgeStone,Ecopia EP150
BridgeStone,B-Series B290
BridgeStone,B-Series B290
BridgeStone,B-Series B290
BridgeStone,B-Series B290
BridgeStone,B-Series B290
BridgeStone,B-Series B250
BridgeStone,B-Series B250
BridgeStone,B-Series B250
BridgeStone,B-Series B250
BridgeStone,B-Series B250
CEAT,Milaze
CEAT,Milaze
CEAT,Milaze
CEAT,Milaze
CEAT,Milaze
CEAT,Milage X3
CEAT,FuelSmart
CEAT,Milage X3
CEAT,Milage X3
CEAT,Milage X3
CEAT,Milage X3
CEAT,Milage X3
CEAT,FuelSmart
CEAT,FuelSmart
CEAT,FuelSmart
CEAT,FuelSmart
CEAT,FuelSmart
Continental,ContiComfortContact CC5
Continental,Comfort Contact CC6
Continental,ContiComfortContact CC5
Continental,ContiComfortContact CC5
Continental,ContiComfortContact CC5
Continental,ContiComfortContact CC5
Continental,ContiComfortContact CC5
Continental,Comfort Contact CC6
Continental,Comfort Contact CC6
Continental,Comfort Contact CC6
Continental,Comfort Contact CC6
Continental,Comfort Contact CC6
Continental,ContiComfortContact CC5
Continental,Comfort Contact CC6
Continental,ContiComfortContact CC5
Continental,ContiComfortContact CC5
Continental,ContiComfortContact CC5
Continental,ContiComfortContact CC5
Continental,Comfort Contact CC6
Continental,Comfort Contact CC6
Continental,Comfort Contact CC6
Continental,Comfort Contact CC6
Firestone,FR500
Firestone,FR500
Firestone,FR500
Firestone,FR500
Firestone,FR500
Firestone,FR500
Firestone,FR500
Firestone,FR500
Firestone,FR500
Firestone,FR500
Firestone,FR500
Falken,Sincera835
Falken,Sincera835
Falken,Sincera835
Falken,Sincera835
Falken,Sincera835
Falken,Sincera835
GoodYear,Duraplus
GoodYear,Duraplus
GoodYear,Assurance Duraplus 2
GoodYear,Assurance Duraplus 2
GoodYear,Assurance Duraplus 2
GoodYear,Duraplus
GoodYear,Assurance Duraplus 2
GoodYear,Assurance Duraplus 2
GoodYear,Assurance Duraplus 2
GoodYear,Assurance Duraplus 2
GoodYear,Assurance Duraplus 2
GoodYear,Assurance Duraplus 2
GoodYear,Duraplus
GoodYear,Duraplus
GoodYear,Duraplus
GoodYear,Duraplus
GoodYear,Duraplus
GoodYear,Assurance Duraplus 2
GoodYear,Assurance Duraplus 2
GoodYear,Assurance Duraplus 2
GoodYear,Assurance Duraplus 2
GoodYear,Assurance Duraplus 2
GoodYear,Duraplus
GoodYear,Duraplus
GoodYear,Duraplus
GoodYear,Duraplus
GoodYear,Duraplus
GoodYear,Duraplus
GoodYear,Duraplus
GoodYear,Duraplus
GoodYear,Assurance Duraplus 2
GoodYear,Assurance Duraplus 2
GoodYear,Assurance Duraplus 2
GoodYear,Assurance Duraplus 2
GoodYear,Assurance Duraplus 2
GoodYear,Assurance Duraplus 2
GoodYear,Assurance Duraplus 2
GoodYear,Assurance Duraplus 2
Hankook,Optimo K715
Hankook,Optimo K715
Hankook,Optimo K715
Hankook,Optimo K715
Hankook,Optimo K715
Hankook,Optimo K715
Hankook,Optimo K715
Hankook,Optimo K715
Hankook,Optimo K715
Hankook,Optimo K715
Hankook,Optimo K715
JKTyre,Tornado
JKTyre,Ultima Neo
JKTyre,Tornado
JKTyre,Tornado
JKTyre,Tornado
JKTyre,Tornado
JKTyre,Tornado
JKTyre,Ultima Neo
JKTyre,Ultima Neo
JKTyre,Ultima Neo
JKTyre,Ultima Neo
JKTyre,Tornado
JKTyre,Tornado
JKTyre,Tornado
JKTyre,Tornado
JKTyre,Ultima Neo
JKTyre,Taximaxx
JKTyre,Ultima Neo
JKTyre,Ultima Neo
JKTyre,Ultima Neo
JKTyre,Ultima Neo
JKTyre,Ultima Neo
JKTyre,Taximaxx
JKTyre,Taximaxx
JKTyre,Taximaxx
JKTyre,Taximaxx
JKTyre,Taximaxx
MRF,ZLX
MRF,ZTX
MRF,ZLX
MRF,ZLX
MRF,ZLX
MRF,ZLX
MRF,ZLX
MRF,ZTX
MRF,ZTX
MRF,ZTX
MRF,ZTX
MRF,ZTX
Pirelli,Cinturato P4
Pirelli,Cinturato P4
Pirelli,Cinturato P4
Pirelli,Cinturato P4
Pirelli,Cinturato P4
UltraMile,UM 551
UltraMile,UM 551
UltraMile,UM 551
UltraMile,UM 551
UltraMile,UM 551
UltraMile,UM 551
UltraMile,UM 551
UltraMile,UM 551
UltraMile,UM 551
UltraMile,UM 551
UltraMile,UM 551
Yokohama,Earth-1 E400
Yokohama,Earth-1 E400
Yokohama,Earth-1 E400
Yokohama,Earth-1 E400
Yokohama,Earth-1 E400
Yokohama,Earth-1 E400
Yokohama,Earth-1 E400
Yokohama,Earth-1 E400
Yokohama,Earth-1 E400
Yokohama,Earth-1 E400
Yokohama,Earth-1 E400
BridgeStone,B-Series B290
BridgeStone,S-Series S322
CEAT,Milage X3
MRF,ZVTS
Continental,ContiComfortContact CC5
GoodYear,GPS2
GoodYear,Ducaro Hi-Miler
Firestone,FR500
JKTyre,Ultima NXT
GoodYear,Assurance Duraplus 2
Apollo,Amazer 4G Eco
Apollo,Amazer 4G Life
Apollo,Amazer 4G Eco
Apollo,Amazer 4G Eco
Apollo,Amazer 4G Eco
Apollo,Amazer 4G Eco
Apollo,Amazer 4G Eco
Apollo,Amazer 4G Eco
Apollo,Amazer 4G Eco
Apollo,Amazer 4G Life
Apollo,Amazer 4G Life
Apollo,Amazer 4G Life
Apollo,Amazer 4G Life
Apollo,Amazer 4G Life
Apollo,Amazer 4G Life
Apollo,Amazer 4G Life
BridgeStone,B-Series B290
BridgeStone,B-Series B290
BridgeStone,B-Series B290
BridgeStone,B-Series B290
BridgeStone,B-Series B290
BridgeStone,B-Series B290
BridgeStone,B-Series B290
BridgeStone,B-Series B290
CEAT,FuelSmart
CEAT,FuelSmart
CEAT,FuelSmart
CEAT,FuelSmart
CEAT,FuelSmart
CEAT,FuelSmart
CEAT,FuelSmart
CEAT,FuelSmart
Continental,ContiComfortContact CC5
Continental,Comfort Contact CC6
Continental,ContiComfortContact CC5
Continental,ContiComfortContact CC5
Continental,ContiComfortContact CC5
Continental,ContiComfortContact CC5
Continental,ContiComfortContact CC5
Continental,ContiComfortContact CC5
Continental,ContiComfortContact CC5
Continental,Comfort Contact CC6
Continental,Comfort Contact CC6
Continental,Comfort Contact CC6
Continental,Comfort Contact CC6
Continental,Comfort Contact CC6
Continental,Comfort Contact CC6
Continental,Comfort Contact CC6
Falken,Sincera835
Falken,Sincera835
Falken,Sincera835
Falken,Sincera835
Falken,Sincera835
Falken,Sincera835
Falken,Sincera835
Falken,Sincera835
Firestone,FR500
Firestone,FR500
Firestone,FR500
Firestone,FR500
Firestone,FR500
Firestone,FR500
Firestone,FR500
Firestone,FR500
GoodYear,Duraplus DP-M1
GoodYear,Assurance Triplemax
GoodYear,Duraplus DP-M1
GoodYear,Duraplus DP-M1
GoodYear,Duraplus DP-M1
GoodYear,Duraplus DP-M1
GoodYear,Duraplus DP-M1
GoodYear,Duraplus DP-M1
GoodYear,Duraplus DP-M1
GoodYear,Assurance Triplemax
GoodYear,Assurance Triplemax
GoodYear,Assurance Triplemax
GoodYear,Assurance Triplemax
GoodYear,Assurance Triplemax
GoodYear,Assurance Triplemax
GoodYear,Assurance Triplemax
Michelin,Energy XM2
Michelin,Energy XM2
Michelin,Energy XM2
Michelin,Energy XM2
Michelin,Energy XM2
Michelin,Energy XM2
Michelin,Energy XM2
Michelin,Energy XM2
UltraMile,UM 551
UltraMile,UM 551
UltraMile,UM 551
UltraMile,UM 551
UltraMile,UM 551
UltraMile,UM 551
UltraMile,UM 551
UltraMile,UM 551
Yokohama,Earth-1 E400
Yokohama,Earth-1 E400
Yokohama,Earth-1 E400
Yokohama,Earth-1 E400
Yokohama,Earth-1 E400
Yokohama,Earth-1 E400
Yokohama,Earth-1 E400
Yokohama,Earth-1 E400
Apollo,Amazer 4G Life
Apollo,Ainac 4GS
Apollo,Amazer 4G Life
Apollo,Ainac 4GS
Apollo,Amazer 4G Life
Apollo,Ainac 4GS
Apollo,Amazer 4G Life
Apollo,Ainac 4GS
Apollo,Amazer 4G Life
Apollo,Ainac 4GS
Apollo,Amazer 4G Life
Apollo,Ainac 4GS
Apollo,Amazer 4G Life
Apollo,Ainac 4GS
Apollo,Amazer 4G Life
Apollo,Ainac 4GS
Apollo,Amazer 4G Life
BridgeStone,Ecopia EP150
BridgeStone,B-Series B290
BridgeStone,Turanza T005
BridgeStone,B-Series B250
BridgeStone,Ecopia EP150
BridgeStone,Ecopia EP150
BridgeStone,Ecopia EP150
BridgeStone,Ecopia EP150
BridgeStone,Ecopia EP150
BridgeStone,Ecopia EP150
BridgeStone,Ecopia EP150
BridgeStone,B-Series B290
BridgeStone,B-Series B290
BridgeStone,B-Series B290
BridgeStone,B-Series B290
BridgeStone,B-Series B290
BridgeStone,B-Series B290
BridgeStone,B-Series B290
BridgeStone,Turanza T005
BridgeStone,Turanza T005
BridgeStone,Turanza T005
BridgeStone,Turanza T005
BridgeStone,Turanza T005
BridgeStone,Turanza T005
BridgeStone,Turanza T005
BridgeStone,B-Series B250
BridgeStone,B-Series B250
BridgeStone,B-Series B250
BridgeStone,B-Series B250
BridgeStone,B-Series B250
BridgeStone,B-Series B250
BridgeStone,B-Series B250
BridgeStone,Ecopia EP150
BridgeStone,B-Series B290
BridgeStone,Turanza T005
BridgeStone,S-Series S248
CEAT,Milage X3
CEAT,FuelSmart
CEAT,Milage X3
CEAT,SecuraDrive
CEAT,Milage X3
CEAT,FuelSmart
CEAT,SecuraDrive
CEAT,SecuraDrive
CEAT,SecuraDrive
CEAT,SecuraDrive
CEAT,SecuraDrive
CEAT,SecuraDrive
CEAT,SecuraDrive
CEAT,Milage X3
CEAT,Milage X3
CEAT,Milage X3
CEAT,Milage X3
CEAT,Milage X3
CEAT,Milage X3
CEAT,Milage X3
CEAT,FuelSmart
CEAT,FuelSmart
CEAT,FuelSmart
CEAT,FuelSmart
CEAT,FuelSmart
CEAT,FuelSmart
CEAT,FuelSmart
Continental,UltraContact UC6
Continental,UltraContact UC6
Continental,UltraContact UC6
Continental,UltraContact UC6
Continental,UltraContact UC6
Continental,UltraContact UC6
Continental,UltraContact UC6
Continental,UltraContact UC6
Continental,ContiComfortContact CC5
Continental,Comfort Contact CC6
Falken,Sincera845
Falken,Sincera845
Falken,EcoRun ZE914
Falken,Sincera845
Falken,Sincera845
Falken,Sincera845
Falken,Sincera845
Falken,Sincera845
Falken,Sincera845
Falken,Sincera845
Falken,EcoRun ZE914
Falken,EcoRun ZE914
Falken,EcoRun ZE914
Falken,EcoRun ZE914
Falken,EcoRun ZE914
Falken,EcoRun ZE914
Falken,EcoRun ZE914
Firestone,FR500
Firestone,FR500
Firestone,FR500
Firestone,FR500
Firestone,FR500
Firestone,FR500
Firestone,FR500
Firestone,FR500
Firestone,FR500
GoodYear,Assurance Duraplus 2
GoodYear,Duraplus
GoodYear,Assurance Duraplus
GoodYear,Assurance Triplemax
GoodYear,Duraplus
GoodYear,Assurance Triplemax
GoodYear,Assurance Triplemax
GoodYear,Assurance Triplemax
GoodYear,Assurance Triplemax
GoodYear,Assurance Triplemax
GoodYear,Assurance Triplemax
GoodYear,Assurance Triplemax
GoodYear,Duraplus
GoodYear,Duraplus
GoodYear,Duraplus
GoodYear,Duraplus
GoodYear,Duraplus
GoodYear,Duraplus
GoodYear,Duraplus
JKTyre,Taximaxx
JKTyre,Taximaxx
JKTyre,Taximaxx
JKTyre,Taximaxx
JKTyre,Taximaxx
JKTyre,Taximaxx
JKTyre,Taximaxx
JKTyre,Taximaxx
JKTyre,Tornado
JKTyre,Taximaxx
JKTyre,Elanzo Touring
JKTyre,UX Royale
MRF,ZTX
MRF,ZV2K
MRF,ZLX
MRF,ZVTV
MRF,ZVTV
MRF,ZVTV
MRF,ZVTV
MRF,ZVTV
MRF,ZVTV
MRF,ZVTV
MRF,ZVTV
UltraMile,UM 551
UltraMile,UM 551
UltraMile,UM 551
UltraMile,UM 551
UltraMile,UM 551
UltraMile,UM 551
UltraMile,UM 551
UltraMile,UM 551
UltraMile,UM 551
Yokohama,Earth-1 E400
Yokohama,BluEarth AE50
Yokohama,Earth-1 E400
Yokohama,BluEarth-GT AE51
Yokohama,BluEarth AE50
Yokohama,BluEarth AE50
Yokohama,BluEarth AE50
Yokohama,BluEarth AE50
Yokohama,BluEarth AE50
Yokohama,BluEarth AE50
Yokohama,BluEarth AE50
Yokohama,Earth-1 E400
Yokohama,Earth-1 E400
Yokohama,Earth-1 E400
Yokohama,Earth-1 E400
Yokohama,Earth-1 E400
Yokohama,Earth-1 E400
Yokohama,Earth-1 E400
Yokohama,BluEarth-GT AE51
Yokohama,BluEarth-GT AE51
Yokohama,BluEarth-GT AE51
Yokohama,BluEarth-GT AE51
Yokohama,BluEarth-GT AE51
Yokohama,BluEarth-GT AE51
Yokohama,BluEarth-GT AE51
Pirelli,Cinturato P6
Pirelli,Cinturato P6
Pirelli,Cinturato P6
Pirelli,Cinturato P6
Pirelli,Cinturato P6
Pirelli,Cinturato P6
Pirelli,Cinturato P6
Pirelli,Cinturato P6
Michelin,Energy XM2
Michelin,Energy XM2
Michelin,Energy XM2
Michelin,Energy XM2
Michelin,Energy XM2
Michelin,Energy XM2
Michelin,Energy XM2
Michelin,Energy XM2
Kumho,Ecowing KH27
Kumho,Ecowing KH27
Kumho,Ecowing KH27
Kumho,Ecowing KH27
Kumho,Ecowing KH27
Kumho,Ecowing KH27
Kumho,Ecowing KH27
Kumho,Ecowing KH27
Apollo,Ainac 4G
Apollo,Ainac 4G
Apollo,Ainac 4G
Apollo,Ainac 4G
BridgeStone,B-Series B250
BridgeStone,Ecopia EP150
BridgeStone,B-Series B290
BridgeStone,B-Series B250
BridgeStone,Ecopia EP150
BridgeStone,B-Series B290
CEAT,SecuraDrive
CEAT,SecuraDrive
Continental,ContiMax Contact MC5
Continental,UltraContact UC6
Continental,ContiMax Contact MC5
Continental,UltraContact UC6
Falken,Sincera835
Falken,Ziex ZE914 EcoRun
Falken,Sincera835
Falken,Ziex ZE914 EcoRun
GoodYear,Assurance Triplemax
GoodYear,Assurance Triplemax
JKTyre,UX Royale
JKTyre,UX Royale
Michelin,Primacy 4ST
Michelin,Primacy 4ST
Pirelli,Cinturato P1 Verde
Pirelli,Cinturato P1 Verde
Yokohama,Earth-1 E400
Yokohama,BluEarth-GT AE51
Yokohama,S.Drive AS01
Yokohama,BluEarth AE50
Yokohama,Earth-1 E400
Yokohama,BluEarth-GT AE51
Yokohama,S.Drive AS01
Yokohama,BluEarth AE50
Yokohama,Geolandar G92C
Yokohama,Geolandar G92C
Apollo,Amazer 4G Life
Apollo,Amazer 4G Life
Apollo,Ainac 4GS
Apollo,Amazer 4G Life
Apollo,Ainac 4GS
Apollo,Ainac 4GS
Apollo,Ainac 4GS
Apollo,Ainac 4GS
Apollo,Ainac 4GS
Apollo,Amazer 4G Life
Apollo,Amazer 4G Life
Apollo,Amazer 4G Life
Apollo,Amazer 4G Life
Apollo,Amazer 4G Life
BridgeStone,B-Series B290
BridgeStone,Turanza T005
BridgeStone,B-Series B250
BridgeStone,Ecopia EP150
BridgeStone,B-Series B290
BridgeStone,B-Series B290
BridgeStone,B-Series B290
BridgeStone,B-Series B290
BridgeStone,B-Series B290
BridgeStone,Turanza T005
BridgeStone,Turanza T005
BridgeStone,Turanza T005
BridgeStone,Turanza T005
BridgeStone,Turanza T005
BridgeStone,B-Series B250
BridgeStone,B-Series B250
BridgeStone,B-Series B250
BridgeStone,B-Series B250
BridgeStone,B-Series B250
BridgeStone,Ecopia EP150
BridgeStone,Ecopia EP150
BridgeStone,Ecopia EP150
BridgeStone,Ecopia EP150
BridgeStone,Ecopia EP150
BridgeStone,Ecopia EP150
BridgeStone,B-Series B290
BridgeStone,Turanza T005
BridgeStone,S-Series S248
BridgeStone,Ecopia EP150
BridgeStone,B-Series B290
BridgeStone,Turanza T005
BridgeStone,S-Series S248
CEAT,Milage X3
CEAT,FuelSmart
CEAT,Milage X3
CEAT,Milage X3
CEAT,FuelSmart
CEAT,Milage X3
CEAT,SecuraDrive
CEAT,Milage X3
CEAT,FuelSmart
CEAT,SecuraDrive
CEAT,SecuraDrive
CEAT,SecuraDrive
CEAT,SecuraDrive
CEAT,SecuraDrive
CEAT,Milage X3
CEAT,Milage X3
CEAT,Milage X3
CEAT,Milage X3
CEAT,Milage X3
CEAT,FuelSmart
CEAT,FuelSmart
CEAT,FuelSmart
CEAT,FuelSmart
CEAT,FuelSmart
Continental,Comfort Contact CC6
Continental,UltraContact UC6
Continental,Comfort Contact CC6
Continental,Comfort Contact CC6
Continental,Comfort Contact CC6
Continental,Comfort Contact CC6
Continental,Comfort Contact CC6
Continental,UltraContact UC6
Continental,UltraContact UC6
Continental,UltraContact UC6
Continental,UltraContact UC6
Continental,UltraContact UC6
Continental,ContiComfortContact CC5
Continental,Comfort Contact CC6
Continental,ContiComfortContact CC5
Continental,Comfort Contact CC6
Falken,Sincera845
Falken,Sincera845
Falken,Sincera845
Falken,EcoRun ZE914
Falken,Sincera845
Falken,Sincera845
Falken,Sincera845
Falken,Sincera845
Falken,Sincera845
Falken,EcoRun ZE914
Falken,EcoRun ZE914
Falken,EcoRun ZE914
Falken,EcoRun ZE914
Falken,EcoRun ZE914
Firestone,FR500
Firestone,FR500
Firestone,FR500
Firestone,FR500
Firestone,FR500
Firestone,FR500
Firestone,FR500
Firestone,FR500
GoodYear,Assurance Duraplus 2
GoodYear,Duraplus
GoodYear,Assurance Duraplus
GoodYear,Assurance Duraplus 2
GoodYear,Duraplus
GoodYear,Assurance Duraplus
GoodYear,Assurance Triplemax
GoodYear,Duraplus
GoodYear,Assurance Triplemax
GoodYear,Assurance Triplemax
GoodYear,Assurance Triplemax
GoodYear,Assurance Triplemax
GoodYear,Assurance Triplemax
GoodYear,Duraplus
GoodYear,Duraplus
GoodYear,Duraplus
GoodYear,Duraplus
GoodYear,Duraplus
JKTyre,Taximaxx
JKTyre,Taximaxx
JKTyre,Taximaxx
JKTyre,Taximaxx
JKTyre,Taximaxx
JKTyre,Taximaxx
JKTyre,Tornado
JKTyre,Elanzo Touring
JKTyre,Taximaxx
JKTyre,UX Royale
JKTyre,Tornado
JKTyre,Elanzo Touring
JKTyre,Taximaxx
JKTyre,UX Royale
MRF,ZTX
MRF,ZV2K
MRF,ZLX
MRF,ZTX
MRF,ZV2K
MRF,ZLX
MRF,ZVTV
MRF,ZVTV
MRF,ZVTV
MRF,ZVTV
MRF,ZVTV
MRF,ZVTV
UltraMile,UM 551
UltraMile,UM 551
UltraMile,UM 551
UltraMile,UM 551
UltraMile,UM 551
UltraMile,UM 551
UltraMile,UM 551
UltraMile,UM 551
Yokohama,Earth-1 E400
Yokohama,Earth-1 E400
Yokohama,BluEarth AE50
Yokohama,Earth-1 E400
Yokohama,BluEarth-GT AE51
Yokohama,BluEarth AE50
Yokohama,BluEarth AE50
Yokohama,BluEarth AE50
Yokohama,BluEarth AE50
Yokohama,BluEarth AE50
Yokohama,Earth-1 E400
Yokohama,Earth-1 E400
Yokohama,Earth-1 E400
Yokohama,Earth-1 E400
Yokohama,Earth-1 E400
Yokohama,BluEarth-GT AE51
Yokohama,BluEarth-GT AE51
Yokohama,BluEarth-GT AE51
Yokohama,BluEarth-GT AE51
Yokohama,BluEarth-GT AE51
Pirelli,Cinturato P6
Pirelli,Cinturato P6
Pirelli,Cinturato P6
Pirelli,Cinturato P6
Pirelli,Cinturato P6
Pirelli,Cinturato P6
Michelin,Energy XM2
Michelin,Energy XM2
Michelin,Energy XM2
Michelin,Energy XM2
Michelin,Energy XM2
Michelin,Energy XM2
Kumho,Ecowing KH27
Kumho,Ecowing KH27
Kumho,Ecowing KH27
Kumho,Ecowing KH27
Kumho,Ecowing KH27
Kumho,Ecowing KH27
Apollo,AMAZER3G
Apollo,Amazer 4G Life
Apollo,AMAZER3G
Apollo,AMAZER3G
Apollo,AMAZER3G
Apollo,Amazer 4G Life
Apollo,Amazer 4G Life
Apollo,Amazer 4G Life
BridgeStone,Turanza T005
BridgeStone,B-Series B290
BridgeStone,Turanza T005
BridgeStone,Turanza T005
BridgeStone,Turanza T005
BridgeStone,B-Series B290
BridgeStone,B-Series B290
BridgeStone,B-Series B290
CEAT,Milage X3
CEAT,FuelSmart
CEAT,Milage X3
CEAT,Milage X3
CEAT,Milage X3
CEAT,FuelSmart
CEAT,FuelSmart
CEAT,FuelSmart
Continental,ContiComfortContact CC5
Continental,ContiComfortContact CC5
Continental,ContiComfortContact CC5
Continental,ContiComfortContact CC5
Firestone,FR500
Firestone,FR500
Firestone,FR500
Firestone,FR500
JKTyre,Ultima Neo
JKTyre,Ultima Neo
JKTyre,Ultima Neo
JKTyre,Ultima Neo
GoodYear,GT3
GoodYear,Assurance Duraplus 2
GoodYear,GT3
GoodYear,GT3
GoodYear,GT3
GoodYear,Assurance Duraplus 2
GoodYear,Assurance Duraplus 2
GoodYear,Assurance Duraplus 2
Michelin,Energy XM2
Michelin,Energy XM2
Michelin,Energy XM2
Michelin,Energy XM2
MRF,ZVTS
MRF,ZLX
MRF,ZVTS
MRF,ZVTS
MRF,ZVTS
MRF,ZLX
MRF,ZLX
MRF,ZLX
Yokohama,Earth-1 E400
Yokohama,Earth-1 E400
Yokohama,Earth-1 E400
Yokohama,Earth-1 E400
Apollo,Amazer 4G Life
Apollo,Amazer 4G Life
BridgeStone,Ecopia EP150
BridgeStone,B-Series B290
BridgeStone,Turanza T005
BridgeStone,S-Series S248
BridgeStone,Ecopia EP150
BridgeStone,B-Series B290
BridgeStone,Turanza T005
BridgeStone,S-Series S248
CEAT,Milage X3
CEAT,FuelSmart
CEAT,Milage X3
CEAT,Milage X3
CEAT,FuelSmart
CEAT,Milage X3
Continental,ContiComfortContact CC5
Continental,Comfort Contact CC6
Continental,ContiComfortContact CC5
Continental,Comfort Contact CC6
Falken,Sincera845
Falken,Sincera845
Firestone,FR500
Firestone,FR500
GoodYear,Assurance Duraplus 2
GoodYear,Duraplus
GoodYear,Assurance Duraplus
GoodYear,Assurance Duraplus 2
GoodYear,Duraplus
GoodYear,Assurance Duraplus
JKTyre,Tornado
JKTyre,Taximaxx
JKTyre,Elanzo Touring
JKTyre,UX Royale
JKTyre,Tornado
JKTyre,Taximaxx
JKTyre,Elanzo Touring
JKTyre,UX Royale
MRF,ZTX
MRF,ZV2K
MRF,ZLX
MRF,ZTX
MRF,ZV2K
MRF,ZLX
UltraMile,UM 551
UltraMile,UM 551
Yokohama,Earth-1 E400
Yokohama,Earth-1 E400
